timestamp,accX,accY,accZ,step
827316,-58,97,209,0
827327,-58,96,211,0
827338,-59,95,202,0
827349,-59,100,211,0
827359,-57,90,203,0
827370,-57,93,204,0
827381,-57,97,210,0
827391,-56,95,209,0
827402,-56,93,206,0
827413,-56,93,206,0
827424,-56,95,208,0
827435,-57,91,201,0
827446,-54,93,212,0
827457,-52,103,207,0
827468,-55,100,212,0
827479,-56,83,199,0
827490,-51,93,205,0
827501,-55,92,206,0
827512,-56,94,210,0
827523,-104,91,237,0
827534,-20,103,209,0
827545,-36,72,186,0
827556,-23,92,198,0
827567,-18,108,210,0
827578,-16,104,206,0
827589,23,128,215,0
827600,-7,129,214,0
827611,-4,100,179,0
827622,-2,134,217,0
827633,5,139,221,0
827644,0,118,201,0
827655,-2,110,198,0
827666,1,128,215,0
827677,-5,115,201,0
827688,-2,112,199,0
827699,-5,120,210,0
827710,-15,131,218,0
827721,-15,122,208,0
827732,-4,111,195,0
827743,-2,108,209,0
827754,-10,113,205,0
827765,-7,109,202,0
827776,-8,111,201,0
827787,-11,113,201,0
827798,-9,113,201,0
827809,-6,112,200,0
827820,-4,112,202,0
827831,-4,116,205,0
827842,-3,117,205,0
827853,-3,120,208,0
827865,-1,120,211,0
827876,1,116,212,0
827887,1,113,208,0
827898,3,111,206,0
827909,5,106,201,0
827920,6,117,213,0
827931,3,111,205,0
827942,2,108,201,0
827953,1,111,201,0
827964,1,114,202,0
827975,0,114,205,0
827986,-2,116,205,0
827997,-3,117,205,0
828008,-5,118,206,0
828019,-4,118,206,0
828030,-2,119,204,0
828041,-1,120,203,0
828052,0,122,201,0
828063,0,122,201,0
828074,-2,123,202,0
828085,-3,124,201,0
828096,-5,126,204,0
828107,-4,127,206,0
828118,-3,129,209,0
828129,-2,127,206,0
828140,0,129,209,0
828151,1,128,209,0
828162,3,123,203,0
828173,3,122,200,0
828184,0,120,201,0
828195,-2,121,202,0
828206,-2,122,205,0
828217,-1,119,205,0
828228,-1,117,204,0
828239,0,115,206,0
828250,1,115,208,0
828261,1,115,207,0
828272,1,115,210,0
828283,1,116,210,0
828294,3,118,215,0
828305,4,115,215,0
828316,6,112,214,0
828327,3,113,212,0
828338,2,111,205,0
828350,1,113,204,0
828361,0,111,202,0
828372,0,109,202,0
828383,-4,118,204,0
828394,-2,117,197,0
828405,-8,111,200,0
828416,-6,117,201,0
828427,-6,119,203,0
828438,-7,117,204,0
828449,-11,116,204,0
828460,-12,114,204,0
828471,-12,110,207,0
828482,-14,111,206,0
828493,-14,113,206,0
828504,-13,114,206,0
828515,-10,114,206,0
828526,-10,114,208,0
828537,-8,111,209,0
828548,-7,108,209,0
828559,-7,107,209,0
828570,-7,108,208,0
828581,-8,108,207,0
828592,-8,107,204,0
828603,-6,105,204,0
828614,-4,106,202,0
828625,-1,110,202,0
828636,-1,114,204,0
828647,-3,115,204,0
828658,0,122,204,0
828669,1,123,204,0
828680,2,122,204,0
828691,1,120,204,0
828702,0,115,204,0
828713,-1,111,201,0
828724,-2,110,202,0
828735,-4,115,203,0
828746,-6,116,209,0
828757,-7,115,215,0
828768,-8,115,216,0
828779,-4,111,211,0
828790,-2,117,208,0
828801,-3,118,205,0
828812,-8,116,205,0
828823,-9,115,205,0
828834,-5,116,207,0
828845,3,121,206,0
828856,16,122,205,0
828867,24,122,205,0
828879,34,126,200,0
828890,37,130,200,0
828901,31,129,199,0
828912,17,128,195,0
828923,-25,123,196,0
828934,-37,126,202,0
828945,-36,129,208,0
828956,-31,127,213,0
828967,-24,122,211,0
828978,-20,120,213,0
828989,-12,120,209,0
829000,-3,119,206,0
829011,4,119,210,0
829022,11,116,215,0
829033,15,114,217,0
829044,17,110,215,0
829055,19,110,212,0
829066,20,108,209,0
829077,20,110,206,0
829088,16,112,199,0
829099,9,115,198,0
829110,5,120,202,0
829121,7,125,201,0
829132,3,127,206,0
829143,3,126,208,0
829154,13,124,206,0
829165,18,127,204,0
829176,20,116,203,0
829187,24,116,197,0
829198,19,112,204,0
829209,33,120,195,0
829220,28,118,206,0
829231,26,134,196,0
829242,8,124,217,0
829253,18,133,204,0
829264,9,125,200,0
829275,6,128,201,0
829286,0,114,194,0
829297,-3,112,200,0
829308,4,97,205,0
829319,17,100,203,0
829330,24,108,214,0
829341,21,98,224,0
829352,28,90,217,0
829363,18,100,220,0
829374,12,113,215,0
829385,15,105,215,0
829396,16,106,206,0
829407,5,109,217,0
829418,4,116,206,0
829429,-8,113,208,0
829440,-5,126,202,0
829451,-15,126,199,0
829462,-17,134,202,0
829473,-17,138,202,0
829484,-5,141,203,0
829495,2,136,212,0
829506,-4,133,214,0
829517,-5,135,199,0
829528,2,138,208,0
829539,-4,118,220,0
829550,8,115,198,0
829561,5,129,200,0
829572,3,133,206,0
829583,-12,117,219,0
829594,-19,109,208,0
829605,-3,136,200,0
829616,-10,138,204,0
829627,-7,128,206,0
829638,-16,123,210,0
829649,-12,123,198,0
829660,-4,124,193,0
829671,-9,119,199,0
829682,-16,107,198,0
829693,-21,107,207,0
829704,-18,105,208,0
829715,-19,97,202,0
829726,-22,121,198,0
829737,-26,131,203,0
829748,-35,124,215,0
829759,-40,119,213,0
829770,-32,123,210,0
829781,-21,124,198,0
829792,-15,117,198,0
829803,-15,109,196,0
829814,-13,107,196,0
829825,-16,98,195,0
829836,-20,104,200,0
829847,-21,104,200,0
829858,-24,113,201,0
829869,-17,124,206,0
829880,-29,118,215,0
829891,-22,111,207,0
829902,-17,116,203,0
829913,-10,116,203,0
829924,-11,112,203,0
829935,-9,112,199,0
829946,-14,111,208,0
829957,-21,119,213,0
829968,-19,117,208,0
829979,-23,113,215,0
829990,-16,121,212,0
830001,-16,119,209,0
830012,-21,117,209,0
830023,-25,108,202,0
830034,-14,105,192,0
830045,-17,105,204,0
830056,0,103,196,0
830067,0,96,200,0
830078,4,93,203,0
830089,3,98,217,0
830100,0,107,222,0
830111,5,110,207,0
830122,-12,116,223,0
830133,-5,118,214,0
830144,-11,125,208,0
830155,-22,116,210,0
830166,-10,112,203,0
830177,-11,116,208,0
830188,-1,113,201,0
830199,-3,102,205,0
830210,-1,94,196,0
830221,1,93,212,0
830232,21,121,226,0
830243,33,110,209,0
830254,32,82,200,0
830265,27,72,199,0
830276,19,92,201,0
830287,2,116,206,0
830298,-20,111,217,0
830309,-15,126,217,0
830320,-16,119,223,0
830331,-16,110,219,0
830342,-12,110,205,0
830353,-7,115,210,0
830364,-2,120,212,0
830375,-1,115,215,0
830386,1,112,215,0
830397,12,115,212,0
830408,26,112,218,0
830419,28,104,213,0
830430,21,105,212,0
830441,10,105,206,0
830452,8,113,200,0
830463,-1,110,207,0
830474,3,107,210,0
830485,2,98,213,0
830496,4,98,213,0
830507,7,105,211,0
830518,3,108,211,0
830529,9,111,213,0
830540,4,103,217,0
830551,12,108,203,0
830562,4,106,211,0
830573,20,101,199,0
830584,16,102,204,0
830595,16,96,217,0
830606,22,103,215,0
830617,19,95,223,0
830628,23,96,225,0
830639,22,92,217,0
830650,19,98,212,0
830661,15,97,215,0
830672,9,84,211,0
830683,11,100,210,0
830694,12,110,208,0
830705,8,107,216,0
830716,9,111,218,0
830727,13,112,216,0
830738,13,115,222,0
830749,13,116,228,0
830760,12,106,200,0
830771,3,98,201,0
830782,9,111,196,0
830793,-2,115,202,0
830804,-2,115,206,0
830815,-4,118,217,0
830826,6,120,208,0
830837,3,108,223,0
830848,3,114,195,0
830859,20,143,204,0
830870,-10,112,223,0
830881,-3,117,211,0
830892,-8,113,207,0
830903,-12,100,198,0
830914,-6,111,191,0
830925,-12,105,194,0
830936,-12,113,193,0
830947,-16,124,196,0
830958,-23,113,202,0
830969,-31,127,202,0
830980,-35,126,204,0
830991,-29,135,189,0
831002,-19,115,184,0
831013,-4,108,191,0
831024,10,97,194,0
831035,7,116,210,0
831046,2,130,209,0
831057,-18,128,222,0
831068,-33,137,224,0
831079,-46,151,220,0
831090,-27,144,199,0
831101,-33,143,213,0
831112,-14,134,207,0
831123,-23,112,212,0
831134,-12,113,206,0
831145,0,108,194,0
831156,6,101,193,0
831167,6,92,190,0
831178,0,90,197,0
831189,-8,93,211,0
831200,-14,103,211,0
831211,-19,121,216,0
831222,-14,117,214,0
831233,-18,118,216,0
831244,-6,117,209,0
831255,-8,104,193,0
831266,-3,117,208,0
831277,-12,103,187,0
831288,-9,111,201,0
831299,-17,110,209,0
831310,-21,111,209,0
831321,-21,118,211,0
831332,-11,110,207,0
831343,-19,115,208,0
831354,-3,113,203,0
831365,9,111,207,0
831376,5,107,215,0
831387,-7,100,222,0
831398,-11,105,218,0
831409,-17,111,210,0
831420,-2,109,211,0
831431,-11,109,210,0
831442,-7,108,208,0
831453,-4,103,212,0
831464,0,96,212,0
831475,-6,75,239,0
831486,28,140,243,0
831497,41,120,204,0
831508,29,49,164,0
831519,-7,58,165,0
831530,-20,78,179,0
831541,-12,102,199,0
831552,-10,118,223,0
831563,-13,122,232,0
831574,-13,119,223,0
831585,-8,130,229,0
831596,-6,129,238,0
831607,-6,129,225,0
831618,-13,110,226,0
831629,15,93,197,0
831640,9,87,204,0
831651,7,93,199,0
831662,4,109,209,0
831673,-16,140,217,0
831684,-16,134,207,0
831695,-14,120,204,0
831706,-9,122,203,0
831717,-8,129,202,0
831728,-11,118,212,0
831739,-11,117,217,0
831750,-7,116,211,0
831761,-1,114,215,0
831772,2,103,219,0
831783,-3,101,218,0
831794,-6,94,216,0
831805,-10,104,217,0
831816,-7,116,225,0
831827,-5,115,230,0
831838,-11,126,239,0
831849,-7,118,220,0
831860,-26,108,228,0
831871,-19,93,213,0
831882,-16,78,218,0
831893,-19,78,204,0
831904,-27,81,197,0
831915,-37,77,196,0
831926,-17,100,182,0
831937,-36,120,195,0
831948,-33,123,193,0
831959,-24,130,198,0
831970,-22,130,195,0
831981,-18,109,193,0
831992,-11,103,184,0
832003,-4,104,184,0
832014,5,102,173,0
832025,15,116,185,0
832036,23,124,199,0
832047,16,123,213,0
832058,23,129,221,0
832069,20,138,226,0
832080,10,143,217,0
832091,-7,129,217,0
832102,-6,135,206,0
832113,-25,122,210,0
832124,-21,124,200,0
832135,-28,117,212,0
832146,-22,117,201,0
832157,-16,124,211,0
832168,-4,120,193,0
832179,-17,111,216,0
832190,-6,146,184,0
832201,-25,122,212,0
832212,-12,131,200,0
832223,-22,124,206,0
832234,-16,129,199,0
832246,-15,126,201,0
832257,-15,124,199,0
832268,-13,125,201,0
832279,-11,120,209,0
832290,-8,123,202,0
832301,-12,122,196,0
832312,-16,124,195,0
832323,-19,122,195,0
832334,-18,119,199,0
832345,-8,122,197,0
832356,-10,111,202,0
832367,-6,114,202,0
832378,-7,110,211,0
832389,-7,112,213,0
832400,-7,108,215,0
832411,-1,107,210,0
832422,-9,100,215,0
832433,-7,102,203,0
832444,-11,109,207,0
832455,-9,104,212,0
832466,-11,105,198,0
832477,-17,107,224,0
832488,-2,116,206,0
832499,-25,107,236,0
832510,30,113,177,0
832521,1,73,193,0
832532,-11,89,192,0
832543,-24,102,191,0
832554,-46,105,196,0
832565,-49,104,207,0
832576,-33,134,222,0
832587,-19,138,241,0
832598,8,166,218,0
832609,19,124,202,0
832620,24,106,202,0
832631,-2,94,205,0
832642,-13,102,212,0
832653,-17,109,220,0
832664,-9,113,218,0
832675,-23,105,219,0
832686,-24,93,203,0
832697,-21,86,204,0
832708,-17,94,201,0
832719,-8,106,222,0
832730,9,112,234,0
832741,18,115,247,0
832752,11,113,240,0
832763,3,103,229,0
832774,-7,98,216,0
832785,-13,86,206,0
832796,-9,76,191,0
832807,-4,74,191,0
832818,4,71,182,0
832829,10,73,190,0
832840,3,76,211,0
832851,4,83,219,0
832862,0,90,234,0
832873,-2,86,233,0
832884,6,84,224,0
832895,2,73,228,0
832906,15,72,219,0
832917,25,82,212,0
832928,27,80,226,0
832939,31,70,219,0
832950,33,61,217,0
832961,35,63,215,0
832972,32,65,228,0
832983,27,77,227,0
832994,18,82,226,0
833005,11,72,223,0
833016,8,75,211,0
833027,4,72,223,0
833038,3,76,224,0
833049,5,82,214,0
833060,-1,85,231,0
833071,5,85,228,0
833082,11,95,225,0
833093,18,106,226,0
833104,19,90,226,0
833115,4,79,228,0
833126,21,78,205,0
833137,25,80,215,0
833148,22,71,215,0
833159,15,67,220,0
833170,21,80,204,0
833181,8,88,228,0
833192,5,87,219,0
833203,5,92,233,0
833214,17,97,206,0
833225,3,96,225,0
833236,12,93,217,0
833247,7,91,219,0
833258,8,86,222,0
833269,8,89,202,0
833280,4,93,204,0
833291,12,94,205,0
833302,1,89,218,0
833313,10,93,217,0
833324,10,91,206,0
833335,0,92,211,0
833346,-4,100,209,0
833357,-4,99,212,0
833368,-14,93,213,0
833379,-17,99,212,0
833390,-20,99,213,0
833401,-15,106,206,0
833412,-18,109,211,0
833423,-28,121,219,0
833434,-29,127,213,0
833445,-43,114,220,0
833457,-30,122,201,0
833468,-42,126,205,0
833479,-27,118,199,0
833490,-21,115,204,0
833501,-15,99,205,0
833512,-4,99,211,0
833523,-7,95,211,0
833534,-11,99,219,0
833545,-13,106,215,0
833556,-23,97,223,0
833567,-18,105,222,0
833578,-12,105,215,0
833589,-3,99,208,0
833600,-16,110,222,0
833611,-18,107,224,0
833622,-15,98,216,0
833633,-13,97,207,0
833644,-13,106,209,0
833655,-6,106,208,0
833666,-15,106,213,0
833677,-18,99,210,0
833688,-17,107,217,0
833699,-12,112,220,0
833710,-4,106,219,0
833721,0,86,210,0
833732,-8,111,204,0
833743,-7,107,209,0
833755,0,93,215,0
833766,1,112,206,0
833777,-1,96,214,0
833788,6,100,207,0
833799,0,109,213,0
833810,-9,104,211,0
833821,-19,109,208,0
833832,-36,104,214,0
833843,-16,105,201,0
833854,-30,107,207,0
833865,-31,113,215,0
833876,-34,110,210,0
833887,-28,113,203,0
833898,-16,113,210,0
833909,-19,109,205,0
833920,-22,100,209,0
833931,-17,98,196,0
833942,-16,97,193,0
833953,-23,101,197,0
833964,-26,107,208,0
833975,-22,104,205,0
833986,-20,111,203,0
833997,-18,120,207,0
834008,-13,112,209,0
834019,-9,116,200,0
834030,-13,117,204,0
834041,-13,105,204,0
834052,-22,107,206,0
834063,-33,109,206,0
834074,-30,116,206,0
834085,-31,116,209,0
834096,-33,119,206,0
834107,-36,121,210,0
834118,-33,117,211,0
834129,-38,113,216,0
834140,-35,126,218,0
834151,-36,118,207,0
834162,-45,125,216,0
834173,-38,120,201,0
834184,-26,101,196,0
834195,-13,92,198,0
834206,0,107,211,0
834217,-1,124,208,0
834228,-12,131,199,0
834239,-25,153,202,0
834250,-42,152,185,0
834261,-49,160,192,0
834272,-49,145,174,0
834283,-44,149,190,0
834294,-41,145,196,0
834305,-36,146,204,0
834316,-28,140,210,0
834327,-15,146,220,0
834338,0,136,208,0
834349,-3,127,208,0
834360,-4,129,189,0
834371,-2,125,192,0
834382,-11,111,184,0
834393,-5,119,186,0
834404,-12,116,192,0
834415,-5,133,201,0
834426,-12,128,200,0
834437,-2,136,211,0
834448,-4,136,206,0
834459,-9,143,207,0
834470,-13,139,202,0
834481,-17,139,202,0
834492,-15,135,196,0
834503,-17,134,200,0
834514,-19,136,193,0
834525,-4,138,210,0
834536,0,136,209,0
834547,0,129,205,0
834558,5,123,204,0
834569,6,119,200,0
834580,2,107,195,0
834591,-3,94,193,0
834602,-5,90,196,0
834613,-5,91,194,0
834624,-3,88,204,0
834635,-4,99,207,0
834646,-3,102,211,0
834657,-3,109,213,0
834668,2,107,216,0
834679,1,98,215,0
834690,2,97,213,0
834701,1,97,206,0
834712,1,96,204,0
834723,-4,93,208,0
834734,-8,97,208,0
834745,-9,96,203,0
834756,-12,96,211,0
834767,-7,98,211,0
834778,-12,99,212,0
834789,-13,98,213,0
834800,-14,103,216,0
834811,-3,100,216,0
834822,-4,100,220,0
834833,-1,99,214,0
834844,-2,99,217,0
834855,-8,99,217,0
834866,1,101,206,0
834877,2,98,213,0
834888,4,100,220,0
834899,1,102,220,0
834910,1,100,221,0
834921,1,99,216,0
834932,0,101,221,0
834943,-2,104,215,0
834954,-7,100,219,0
834965,-6,104,205,0
834976,-3,96,206,0
834987,-1,92,209,0
834998,-4,93,217,0
835009,-1,100,212,0
835020,5,95,212,0
835031,7,95,215,0
835042,4,100,218,0
835053,4,101,218,0
835064,1,101,212,0
835075,-8,98,205,0
835086,-3,98,199,0
835097,-4,103,210,0
835108,0,99,214,0
835119,6,96,214,0
835130,3,96,221,0
835141,2,93,221,0
835152,1,93,219,0
835163,-5,92,225,0
835174,-3,91,212,0
835185,-4,95,198,0
835196,-5,101,200,0
835207,-6,98,205,0
835218,-8,103,208,0
835229,-4,105,201,0
835240,-1,103,208,0
835251,-2,108,215,0
835262,2,116,208,0
835273,-5,102,218,0
835284,-9,114,216,0
835295,-5,123,215,0
835306,-9,116,220,0
835317,-8,120,215,0
835328,-6,120,211,0
835339,-9,121,209,0
835350,-1,115,205,0
835361,-1,113,207,0
835372,6,113,199,0
835383,6,112,206,0
835394,7,114,212,0
835405,5,118,209,0
835416,2,119,210,0
835427,5,124,215,0
835438,15,114,215,0
835449,19,118,220,0
835460,20,118,218,0
835471,15,112,216,0
835482,13,115,218,0
835493,15,118,218,0
835504,9,110,218,0
835515,11,111,211,0
835526,12,105,208,0
835537,6,102,204,0
835548,2,105,201,0
835559,8,108,199,0
835570,19,103,207,0
835581,32,108,216,0
835592,39,113,223,0
835603,33,112,222,0
835614,32,119,221,0
835625,33,111,217,0
835636,34,105,215,0
835647,37,99,214,0
835658,40,99,216,0
835669,41,94,216,0
835680,41,94,223,0
835691,39,93,224,0
835702,37,94,219,0
835713,36,91,215,0
835724,37,86,215,0
835735,39,87,214,0
835747,42,89,213,0
835758,44,91,215,0
835769,45,92,217,0
835780,44,92,219,0
835791,42,96,220,0
835802,36,96,216,0
835813,29,96,212,0
835824,22,91,210,0
835835,17,87,209,0
835846,15,87,210,0
835858,15,89,213,0
835869,15,89,215,0
835880,16,90,218,0
835891,17,90,220,0
835902,18,95,222,0
835913,23,97,219,0
835924,31,96,220,0
835935,32,92,218,0
835946,36,93,215,0
835957,36,93,211,0
835968,38,91,214,0
835979,38,93,211,0
835990,39,86,213,0
836001,35,86,219,0
836012,37,90,218,0
836023,30,96,217,0
836034,26,91,216,0
836045,18,90,225,0
836057,14,89,219,0
836068,11,85,222,0
836079,19,89,222,0
836090,26,90,226,0
836101,33,86,218,0
836112,20,88,231,0
836123,20,87,230,0
836134,21,84,224,0
836145,16,80,229,0
836157,25,87,219,0
836168,35,95,220,0
836179,37,91,218,0
836190,34,90,219,0
836201,37,95,222,0
836212,34,88,232,0
836223,26,95,224,0
836234,16,102,224,0
836245,9,99,223,0
836256,18,99,224,0
836267,26,100,220,0
836278,26,98,221,0
836289,22,93,202,0
836300,16,86,210,0
836311,12,97,195,0
836323,19,100,203,0
836334,13,97,212,0
836345,5,86,221,0
836357,5,89,215,0
836368,12,90,213,0
836379,10,86,215,0
836390,14,92,208,0
836401,13,84,207,0
836412,15,81,206,0
836423,23,91,212,0
836434,35,99,207,0
836445,17,101,211,0
836456,24,120,199,0
836467,16,109,197,0
836478,3,98,196,0
836489,1,91,193,0
836500,-6,92,184,0
836511,-20,93,185,0
836522,-24,94,191,0
836533,-21,94,196,0
836544,-26,97,202,0
836556,-33,99,207,0
836567,-44,108,210,0
836578,-45,115,223,0
836589,-41,111,229,0
836600,-21,119,218,0
836611,-19,124,221,0
836622,-31,123,235,0
836633,-37,127,230,0
836644,-42,130,221,0
836655,-44,135,225,0
836666,-49,127,229,0
836677,-51,126,227,0
836688,-39,133,216,0
836699,-30,137,222,0
836710,-21,131,207,0
836721,-30,120,210,0
836732,-22,112,205,0
836743,-23,99,201,0
836754,-26,100,198,0
836765,-27,100,201,0
836776,-18,113,195,0
836787,-23,112,205,0
836798,-29,106,206,0
836809,-27,125,197,0
836820,-25,121,204,0
836831,-20,117,201,0
836842,-23,107,204,0
836854,-25,97,200,0
836865,-12,96,196,0
836876,-22,102,205,0
836887,-24,90,215,0
836898,-16,88,211,0
836909,-13,107,203,0
836920,-9,117,205,0
836931,-12,136,208,0
836942,-11,131,207,0
836953,-16,138,201,0
836964,-17,121,200,0
836975,-9,137,197,0
836986,-7,133,196,0
836997,-22,134,205,0
837008,-8,147,203,0
837019,-6,133,209,0
837030,-5,132,208,0
837041,-10,128,208,0
837052,-17,126,196,0
837063,-26,134,202,0
837074,-27,129,194,0
837085,-39,138,200,0
837096,-44,136,202,0
837107,-42,137,203,0
837118,-46,139,204,0
837129,-38,138,199,0
837140,-35,131,198,0
837151,-32,124,201,0
837162,-20,129,193,0
837173,-12,107,195,0
837184,-8,101,191,0
837195,-18,108,181,0
837206,-26,110,189,0
837217,-30,107,198,0
837228,-20,114,189,0
837239,-24,112,204,0
837250,-20,127,200,0
837261,-24,130,208,0
837272,-34,120,199,0
837283,-24,113,204,0
837294,-16,118,215,0
837305,-6,126,212,0
837317,8,124,201,0
837328,-9,117,209,0
837339,-29,128,207,0
837350,-33,133,202,0
837361,-26,131,200,0
837372,-16,128,205,0
837383,-4,120,210,0
837394,-10,109,204,0
837405,-7,111,195,0
837416,-8,110,206,0
837427,-18,107,213,0
837438,-6,123,223,0
837449,10,120,225,0
837460,18,110,225,0
837471,14,111,223,0
837482,17,115,219,0
837493,15,99,216,0
837504,16,100,204,0
837515,13,102,204,0
837526,18,105,215,0
837537,21,100,218,0
837548,18,89,220,0
837559,23,93,220,0
837570,19,96,224,0
837581,24,95,225,0
837592,19,87,222,0
837603,14,93,207,0
837614,2,83,207,0
837625,2,91,205,0
837636,7,95,195,0
837647,13,94,198,0
837658,16,93,192,0
837669,5,92,206,0
837680,8,92,205,0
837691,13,101,203,0
837702,26,113,192,0
837713,19,97,201,0
837724,24,84,200,0
837735,14,96,198,0
837746,10,112,199,0
837757,7,119,202,0
837768,0,102,211,0
837779,-3,108,220,0
837790,-3,108,220,0
837801,-8,119,212,0
837812,-12,111,204,0
837823,-23,124,202,0
837834,-42,124,196,0
837845,-57,123,203,0
837856,-51,130,196,0
837867,-55,131,205,0
837878,-52,133,206,0
837889,-54,137,203,0
837900,-58,129,204,0
837911,-44,122,194,0
837922,-41,107,198,0
837933,-39,104,204,0
837944,-32,112,200,0
837955,-33,121,206,0
837966,-37,129,217,0
837977,-42,125,234,0
837988,-45,127,229,0
837999,-37,128,225,0
838010,-35,129,208,0
838022,-36,140,218,0
838033,-29,134,208,0
838044,-31,121,215,0
838055,-20,117,202,0
838066,-27,123,204,0
838077,-30,113,205,0
838088,-26,118,213,0
838099,-33,111,207,0
838110,-24,110,198,0
838122,-23,110,202,0
838133,-19,110,204,0
838144,-23,107,200,0
838155,-21,120,207,0
838166,-23,117,220,0
838177,-13,136,229,0
838188,-9,117,214,0
838199,-14,108,196,0
838210,-35,106,184,0
838221,-40,115,180,0
838232,-19,132,181,0
838243,-35,125,186,0
838254,-34,124,181,0
838265,-33,127,191,0
838276,-35,131,217,0
838287,-53,121,277,0
838298,-8,198,261,0
838309,21,162,222,0
838320,-6,98,194,0
838331,-3,61,174,0
838342,-4,85,166,0
838353,-33,113,184,0
838364,-50,125,194,0
838375,-57,115,182,0
838386,-66,99,190,0
838397,-49,103,198,0
838408,-49,112,200,0
838419,-46,123,192,0
838430,-41,128,198,0
838441,-38,128,203,0
838452,-39,130,208,0
838463,-37,119,204,0
838474,-38,118,201,0
838485,-39,109,197,0
838496,-43,121,213,0
838507,-39,118,216,0
838518,-39,102,203,0
838529,-44,94,195,0
838540,-44,94,192,0
838551,-39,111,193,0
838562,-33,113,194,0
838573,-38,115,198,0
838584,-28,125,193,0
838595,-33,127,201,0
838606,-31,127,200,0
838617,-29,131,208,0
838628,-34,136,220,0
838639,-32,143,237,0
838650,-25,133,231,0
838661,-26,118,215,0
838672,-24,109,199,0
838683,-31,99,185,0
838694,-33,99,174,0
838705,-35,103,172,0
838716,-35,107,176,0
838727,-31,109,188,0
838738,-25,120,200,0
838749,-27,124,209,0
838760,-31,129,220,0
838771,-33,132,214,0
838782,-33,128,201,0
838793,-34,116,195,0
838804,-26,101,192,0
838815,-27,110,194,0
838826,-34,112,193,0
838837,-34,120,194,0
838848,-40,129,203,0
838859,-43,142,213,0
838870,-50,135,212,0
838881,-48,129,205,0
838892,-45,118,201,0
838903,-41,120,195,0
838914,-39,117,193,0
838925,-32,111,191,0
838936,-23,100,195,0
838947,-14,106,192,0
838958,-16,118,196,0
838969,-21,121,201,0
838980,-26,124,206,0
838991,-26,123,204,0
839002,-34,119,206,0
839013,-41,116,205,0
839024,-45,120,200,0
839035,-49,120,203,0
839046,-42,132,213,0
839057,-30,136,209,0
839068,-27,136,221,0
839079,-29,138,230,0
839090,-30,118,228,0
839101,-17,127,222,0
839112,10,103,205,0
839123,7,86,192,0
839134,1,77,181,0
839145,0,79,187,0
839156,0,95,193,0
839167,0,104,202,0
839178,-7,110,209,0
839189,-5,113,222,0
839200,-7,123,225,0
839212,-15,129,226,0
839223,-21,132,230,0
839234,-22,126,224,0
839245,-14,100,219,0
839256,-13,98,215,0
839267,-11,93,213,0
839278,-10,89,214,0
839289,-7,88,215,0
839300,-7,88,214,0
839311,-2,90,209,0
839322,1,87,209,0
839333,1,87,207,0
839344,0,86,206,0
839355,0,82,204,0
839366,0,79,209,0
839377,10,83,215,0
839388,7,91,218,0
839399,-1,112,224,0
839410,-4,115,222,0
839421,-8,100,220,0
839432,-6,102,225,0
839443,4,89,215,0
839454,10,78,209,0
839465,10,66,219,0
839476,17,71,211,0
839487,16,73,213,0
839498,12,83,213,0
839509,5,80,222,0
839520,-4,93,221,0
839531,-4,99,218,0
839542,-10,97,225,0
839553,-6,84,211,0
839564,-6,88,211,0
839575,0,83,212,0
839586,8,88,210,0
839597,5,82,219,0
839608,6,83,226,0
839620,15,87,209,0
839631,11,101,221,0
839642,9,92,225,0
839653,4,97,215,0
839664,0,97,215,0
839675,4,103,215,0
839686,7,98,212,0
839697,1,86,211,0
839708,3,91,212,0
839719,-2,88,217,0
839730,4,98,205,0
839741,0,93,211,0
839752,0,98,209,0
839763,-3,98,210,0
839774,-9,104,213,0
839785,-6,110,213,0
839796,-12,110,209,0
839807,-13,109,208,0
839818,-16,107,213,0
839829,-17,108,209,0
839840,-14,111,202,0
839851,-13,98,208,0
839862,-23,96,212,0
839873,-16,105,210,0
839884,-20,113,219,0
839895,-19,119,228,0
839906,-16,118,217,0
839918,-8,112,199,0
839929,-16,95,192,0
839940,-18,108,192,0
839951,-22,119,203,0
839962,-27,120,212,0
839973,-32,112,223,0
839984,-34,113,222,0
839995,-31,110,222,0
840006,-34,117,227,0
840017,-48,119,222,0
840028,-58,126,212,0
840039,-66,132,215,0
840050,-74,139,214,0
840061,-70,139,204,0
840072,-63,139,196,0
840083,-60,133,202,0
840094,-50,133,202,0
840105,-58,129,213,0
840116,-56,128,214,0
840127,-50,116,211,0
840138,-33,118,208,0
840149,-24,112,193,0
840160,-32,88,186,0
840171,-32,92,182,0
840182,-34,99,191,0
840193,-24,105,193,0
840204,-36,114,202,0
840215,-32,108,195,0
840226,-44,114,210,0
840237,-36,108,211,0
840248,-40,106,211,0
840259,-35,104,204,0
840270,-38,93,209,0
840281,-25,102,196,0
840292,-30,98,198,0
840303,-48,104,200,0
840314,-48,104,202,0
840325,-49,115,207,0
840336,-48,115,210,0
840347,-43,109,212,0
840358,-38,109,213,0
840369,-41,104,209,0
840380,-42,102,212,0
840391,-43,99,208,0
840402,-42,96,210,0
840413,-37,93,207,0
840424,-33,94,206,0
840435,-29,95,212,0
840446,-15,93,211,0
840457,-5,95,203,0
840468,-13,91,206,0
840479,-6,89,209,0
840490,-13,94,220,0
840501,-17,93,229,0
840512,-24,95,218,0
840523,-29,89,214,0
840534,-28,86,212,0
840545,-24,90,206,0
840556,-19,83,209,0
840567,-9,95,218,0
840578,-10,101,219,0
840590,-17,103,226,0
840601,-8,96,216,0
840612,-14,90,215,0
840623,-14,81,216,0
840634,-19,80,223,0
840645,-16,80,219,0
840656,-11,82,220,0
840667,-15,81,220,0
840678,-11,82,221,0
840689,-12,90,214,0
840700,-6,94,222,0
840711,-7,91,216,0
840722,-9,86,222,0
840733,-8,80,216,0
840744,-2,79,209,0
840755,-8,72,217,0
840766,-1,74,210,0
840777,-7,66,217,0
840788,1,75,214,0
840799,5,76,220,0
840810,0,74,219,0
840821,1,85,208,0
840832,-5,80,232,0
840843,-10,94,213,0
840854,-15,92,253,0
840865,-2,88,220,0
840876,-10,92,203,0
840887,-5,99,217,0
840898,-5,83,220,0
840909,-13,76,220,0
840920,-3,81,212,0
840931,-5,80,214,0
840942,0,81,213,0
840953,3,82,218,0
840964,-3,78,219,0
840975,-15,91,215,0
840986,-11,101,209,0
840997,-23,110,228,0
841008,-16,101,212,0
841019,-20,102,213,0
841030,-12,100,213,0
841041,-13,97,225,0
841052,-15,99,226,0
841063,-16,100,216,0
841074,-14,103,217,0
841085,-13,90,205,0
841096,-17,94,218,0
841107,-22,98,224,0
841118,-27,102,223,0
841129,-22,107,221,0
841140,-11,123,220,0
841151,0,101,220,0
841162,2,72,199,0
841173,-13,79,194,0
841184,-10,104,201,0
841195,-20,106,216,0
841206,-32,107,201,0
841217,-38,105,203,0
841228,-50,103,210,0
841239,-46,92,204,0
841250,-33,99,204,0
841261,-34,91,201,0
841273,-53,104,184,0
841284,-64,119,184,0
841295,-75,120,196,0
841306,-82,116,194,0
841317,-86,123,198,0
841328,-77,122,195,0
841339,-65,108,210,0
841350,-63,109,213,0
841361,-57,114,209,0
841373,-57,114,211,0
841384,-55,117,205,0
841395,-63,119,209,0
841406,-54,120,199,0
841417,-60,118,197,0
841428,-55,115,200,0
841439,-49,102,198,0
841450,-44,97,195,0
841461,-49,103,201,0
841472,-28,115,212,0
841483,-31,100,208,0
841494,-53,110,221,0
841505,-34,109,207,0
841516,-33,111,208,0
841527,-22,112,211,0
841538,-20,113,211,0
841549,-13,110,207,0
841560,-8,119,212,0
841571,-3,117,211,0
841582,-2,106,206,0
841593,0,98,202,0
841604,1,92,200,0
841615,-3,91,200,0
841626,-3,87,205,0
841637,-9,97,218,0
841648,-6,96,205,0
841659,-8,96,210,0
841670,-14,93,216,0
841681,-8,90,208,0
841692,-13,96,209,0
841703,-12,107,211,0
841714,-12,111,224,0
841725,-14,112,232,0
841736,-16,116,228,0
841747,-27,107,224,0
841758,-27,103,217,0
841769,-24,92,210,0
841780,-17,97,220,0
841791,-5,95,222,0
841802,0,90,216,0
841813,4,89,205,0
841824,3,92,210,0
841835,7,93,213,0
841846,6,97,220,0
841857,8,100,214,0
841868,4,95,216,0
841879,6,92,214,0
841890,11,94,209,0
841901,11,93,206,0
841912,4,89,215,0
841923,8,94,212,0
841934,3,97,210,0
841945,5,100,211,0
841956,2,99,221,0
841967,3,101,214,0
841978,1,101,219,0
841989,1,93,216,0
842000,0,94,215,0
842011,-1,88,216,0
842022,5,88,213,0
842033,7,96,209,0
842044,1,91,218,0
842055,-1,92,219,0
842066,5,94,210,0
842077,9,99,217,0
842088,9,89,219,0
842099,6,97,218,0
842110,5,90,219,0
842121,4,76,217,0
842132,14,83,202,0
842143,16,88,201,0
842154,8,85,213,0
842165,6,82,214,0
842176,3,85,201,0
842187,3,99,209,0
842198,8,106,205,0
842209,1,104,219,0
842220,0,98,228,0
842231,-6,98,211,0
842242,-27,96,204,0
842253,-36,90,201,0
842264,-41,100,197,0
842275,-44,113,200,0
842286,-52,111,209,0
842297,-52,103,183,0
842308,-70,92,213,0
842319,-61,126,201,0
842330,-61,147,214,0
842341,-64,134,235,0
842352,-58,126,234,0
842363,-61,128,220,0
842374,-57,129,209,0
842385,-43,123,206,0
842396,-39,109,200,0
842407,-40,104,195,0
842418,-24,126,177,0
842429,-32,133,204,0
842440,-32,124,209,0
842451,-49,125,226,0
842462,-50,113,223,0
842473,-57,122,219,0
842484,-46,123,200,0
842495,-38,132,197,0
842506,-37,128,204,0
842517,-41,117,213,0
842528,-42,117,212,0
842539,-47,120,211,0
842550,-45,125,200,0
842561,-46,126,199,0
842572,-46,114,203,0
842583,-51,103,209,0
842594,-43,98,203,0
842605,-52,121,251,0
842616,4,128,217,0
842627,10,89,207,0
842638,7,90,205,0
842649,-10,57,178,0
842660,-37,72,166,0
842671,-58,100,182,0
842682,-57,115,191,0
842693,-52,127,200,0
842704,-52,123,210,0
842715,-52,113,210,0
842726,-60,121,230,0
842737,-28,118,207,0
842748,-28,91,223,0
842759,-18,74,202,0
842770,-25,71,185,0
842781,-42,88,197,0
842792,-45,96,206,0
842803,-40,114,202,0
842814,-30,128,206,0
842825,-32,132,227,0
842836,-29,124,229,0
842847,-35,120,229,0
842858,-23,115,212,0
842869,-22,105,212,0
842880,-20,99,208,0
842891,-25,94,206,0
842902,-25,98,208,0
842913,-31,100,216,0
842924,-13,109,187,0
842935,-24,114,197,0
842946,-13,94,182,0
842957,-24,92,202,0
842968,-12,102,231,0
842979,-18,120,210,0
842990,-26,120,223,0
843001,-56,102,225,0
843012,-41,107,202,0
843023,-39,101,207,0
843034,-34,102,207,0
843045,-32,97,206,0
843056,-44,103,210,0
843067,-41,105,223,0
843078,-35,106,215,0
843089,-25,113,206,0
843100,-25,103,198,0
843111,-34,99,212,0
843122,-22,91,194,0
843133,-16,91,204,0
843144,-16,98,216,0
843155,3,96,205,0
843166,-6,83,210,0
843177,-2,81,217,0
843189,-8,83,220,0
843200,-6,83,215,0
843211,-22,85,225,0
843222,-21,90,213,0
843233,-24,97,208,0
843244,-25,99,210,0
843255,-31,101,218,0
843266,-24,104,210,0
843277,-23,102,211,0
843288,-29,90,213,0
843299,-16,89,213,0
843310,3,95,202,0
843321,-3,97,215,0
843332,-10,97,218,0
843343,-18,95,220,0
843354,-27,92,220,0
843365,-26,98,211,0
843376,-24,98,210,0
843387,-10,85,202,0
843398,-10,98,211,0
843409,5,94,209,0
843420,-11,84,216,0
843432,-10,77,212,0
843443,15,75,208,0
843454,7,68,215,0
843465,7,68,221,0
843476,3,73,216,0
843487,9,92,210,0
843498,-11,102,223,0
843509,-27,117,221,0
843520,-36,114,210,0
843531,-46,102,215,0
843542,-41,102,206,0
843553,-47,83,192,0
843564,-45,81,174,0
843575,-65,73,193,0
843586,-61,80,193,0
843597,-64,89,201,0
843608,-67,98,214,0
843619,-63,108,221,0
843630,-43,124,213,0
843641,-52,103,226,0
843652,-40,117,227,0
843663,-27,119,223,0
843674,-13,124,217,0
843685,-9,117,213,0
843696,-4,118,214,0
843707,-12,121,208,0
843718,-12,126,209,0
843729,-25,125,208,0
843740,-14,131,203,0
843751,-23,117,206,0
843762,-22,121,205,0
843773,-26,111,204,0
843784,-28,111,217,0
843795,-33,103,213,0
843806,-23,130,229,0
843817,-27,121,220,0
843828,-21,113,212,0
843839,-23,114,209,0
843850,-16,123,220,0
843861,-5,136,202,0
843872,-23,117,210,0
843883,-16,129,205,0
843894,-16,132,205,0
843905,-23,135,202,0
843916,-24,134,199,0
843927,-23,119,187,0
843938,-2,118,205,0
843949,1,110,203,0
843960,-2,121,198,0
843971,-5,107,196,0
843982,-12,98,216,0
843993,-9,106,204,0
844004,-10,107,204,0
844015,-26,103,219,0
844026,-4,112,206,0
844037,-24,116,195,0
844048,-30,120,208,0
844059,-17,118,212,0
844070,-11,122,211,0
844081,-7,125,201,0
844092,-9,121,206,0
844103,1,115,196,0
844114,-1,104,215,0
844125,6,106,197,0
844136,-5,96,213,0
844147,0,120,226,0
844158,-8,121,221,0
844169,-17,123,204,0
844180,-20,123,212,0
844191,-25,126,210,0
844202,-27,113,193,0
844213,-21,119,204,0
844224,-22,101,180,0
844235,-9,109,172,0
844246,-12,114,223,0
844257,-5,145,223,0
844268,-12,142,220,0
844279,-22,132,220,0
844290,-15,124,213,0
844301,-20,116,212,0
844312,-20,114,208,0
844323,-11,117,200,0
844334,-8,111,196,0
844345,-2,112,195,0
844356,6,108,198,0
844367,0,106,206,0
844378,-7,105,207,0
844389,-4,104,203,0
844400,0,106,203,0
844411,-1,106,200,0
844422,-4,100,196,0
844433,-1,99,200,0
844444,-1,101,202,0
844455,3,109,210,0
844466,4,113,216,0
844477,6,115,211,0
844488,1,110,225,0
844499,-1,109,213,0
844510,-7,103,200,0
844521,-15,107,204,0
844532,-19,97,210,0
844543,-20,105,210,0
844554,-22,110,205,0
844565,-15,105,212,0
844576,-6,105,214,0
844587,-13,108,224,0
844598,-3,112,207,0
844609,-10,109,214,0
844620,15,115,187,0
844631,-11,107,221,0
844642,12,115,207,0
844653,3,100,198,0
844664,-10,124,227,0
844675,-21,123,234,0
844686,-19,124,249,0
844697,-5,87,238,0
844708,-20,91,181,0
844719,-25,134,176,0
844730,-39,65,207,0
844741,-17,90,194,0
844752,-10,97,202,0
844763,-12,90,192,0
844774,-21,81,193,0
844785,-31,96,194,0
844796,-31,112,193,0
844807,-37,120,188,0
844818,-29,146,198,0
844829,-21,146,208,0
844840,-15,143,215,0
844851,-13,133,214,0
844862,-7,138,205,0
844873,-26,130,222,0
844884,-27,142,216,0
844895,-35,138,219,0
844906,-17,132,204,0
844917,-4,122,204,0
844928,5,113,210,0
844939,9,100,212,0
844950,1,104,233,0
844961,14,120,221,0
844972,6,108,208,0
844983,5,101,196,0
844994,-12,99,191,0
845005,-24,100,193,0
845017,-11,99,195,0
845028,-6,81,195,0
845039,7,82,213,0
845050,10,93,211,0
845061,0,93,212,0
845072,-1,102,211,0
845083,-1,102,211,0
845094,4,102,206,0
845105,0,99,206,0
845116,-4,113,212,0
845127,-5,117,215,0
845138,-6,115,208,0
845149,-13,118,209,0
845160,-21,119,207,0
845171,-22,115,207,0
845182,-13,110,199,0
845193,-13,100,200,0
845204,-3,108,195,0
845215,-3,106,199,0
845226,-9,116,199,0
845237,-12,116,198,0
845248,5,107,182,0
845259,-25,120,204,0
845270,-36,125,198,0
845281,-27,133,219,0
845292,-11,133,230,0
845303,-9,128,240,0
845314,2,121,226,0
845325,9,97,223,0
845336,9,94,220,0
845347,23,108,196,0
845358,10,88,181,0
845369,49,84,212,0
845380,53,81,221,0
845391,51,108,233,0
845402,56,110,230,0
845413,65,94,220,0
845424,56,92,205,0
845435,53,90,205,0
845446,50,96,217,0
845457,55,107,214,0
845468,43,109,206,0
845479,32,116,211,0
845490,18,123,217,0
845501,10,128,222,0
845512,4,121,219,0
845523,4,105,212,0
845534,3,100,205,0
845545,3,105,210,0
845556,10,109,207,0
845567,21,99,201,0
845578,21,101,201,0
845589,19,104,200,0
845600,16,108,201,0
845611,16,114,205,0
845622,18,118,205,0
845633,16,121,205,0
845645,12,122,207,0
845656,10,120,205,0
845667,6,117,203,0
845678,9,117,204,0
845689,12,111,219,0
845700,16,112,226,0
845711,13,110,225,0
845722,18,104,218,0
845733,21,110,208,0
845744,20,116,211,0
845755,17,123,211,0
845766,17,117,200,0
845777,10,110,207,0
845788,16,116,211,0
845799,21,106,206,0
845810,20,95,214,0
845821,21,99,216,0
845832,21,100,221,0
845843,27,94,216,0
845854,19,96,227,0
845865,23,107,229,0
845876,29,102,215,0
845887,22,104,224,0
845898,33,110,214,0
845909,30,101,220,0
845920,37,108,215,0
845931,36,105,212,0
845942,19,101,218,0
845953,29,104,199,0
845964,18,98,207,0
845975,29,103,196,0
845986,23,102,202,0
845997,20,103,202,0
846008,29,105,198,0
846019,20,113,201,0
846030,18,109,203,0
846041,16,122,206,0
846052,14,114,208,0
846063,17,105,198,0
846074,28,105,199,0
846085,31,111,204,0
846096,30,104,200,0
846107,20,105,213,0
846118,26,106,210,0
846129,17,110,207,0
846140,11,111,212,0
846151,5,108,215,0
846162,4,122,198,0
846173,-18,122,214,0
846184,-12,129,212,0
846195,-25,129,202,0
846206,-21,133,187,0
846217,-31,119,197,0
846228,-13,135,196,0
846239,-25,125,199,0
846250,-17,133,193,0
846261,-27,124,194,0
846272,-20,128,191,0
846283,-26,128,199,0
846294,-16,148,212,0
846305,-15,143,222,0
846316,-13,149,207,0
846327,-8,147,206,0
846338,-16,133,207,0
846349,-17,129,209,0
846360,-11,133,209,0
846371,-10,119,215,0
846382,-5,118,213,0
846393,-12,120,208,0
846404,-12,112,204,0
846415,-13,113,204,0
846426,-16,116,197,0
846437,-6,118,187,0
846448,-12,110,192,0
846459,-6,113,199,0
846470,3,115,178,0
846481,6,121,208,0
846492,-7,118,213,0
846503,-17,108,205,0
846514,-16,131,204,0
846525,-13,135,196,0
846536,-18,134,192,0
846547,-22,130,208,0
846558,-17,128,201,0
846569,-22,119,204,0
846580,-1,126,198,0
846591,-9,114,209,0
846602,7,123,207,0
846613,0,117,207,0
846624,12,129,203,0
846635,3,113,211,0
846646,-1,120,199,0
846657,-8,123,214,0
846668,-8,128,210,0
846679,-3,133,206,0
846690,-3,122,212,0
846701,-2,118,208,0
846712,1,113,204,0
846723,2,115,208,0
846734,6,103,196,0
846745,2,112,195,0
846756,0,110,192,0
846767,1,122,203,0
846778,2,120,213,0
846789,-2,113,223,0
846800,-3,119,222,0
846811,-14,116,243,0
846822,0,121,215,0
846833,-4,112,203,0
846844,-1,94,203,0
846855,10,96,186,0
846866,11,101,176,0
846877,13,97,181,0
846888,18,109,193,0
846899,15,125,205,0
846910,8,126,211,0
846921,11,135,215,0
846932,3,127,220,0
846943,-1,133,223,0
846954,-16,126,216,0
846965,-23,118,215,0
846976,-26,117,204,0
846987,-27,112,194,0
846998,-19,118,197,0
847009,-7,125,192,0
847020,0,116,190,0
847031,6,117,189,0
847042,5,125,192,0
847053,0,134,191,0
847064,4,128,200,0
847075,3,120,209,0
847086,4,119,217,0
847097,19,129,211,0
847108,11,123,214,0
847119,21,120,216,0
847130,16,110,206,0
847141,6,101,217,0
847152,10,119,205,0
847163,9,120,202,0
847174,8,130,218,0
847185,19,127,201,0
847196,7,129,219,0
847207,4,112,208,0
847218,18,114,207,0
847229,18,112,203,0
847240,7,127,211,0
847251,5,132,197,0
847261,-2,123,203,0
847271,10,132,205,0
847282,5,123,189,0
847292,7,131,199,0
847303,12,122,198,0
847314,8,112,196,0
847325,10,99,191,0
847335,14,94,192,0
847346,10,78,197,0
847356,18,87,192,0
847366,24,93,196,0
847376,24,101,208,0
847386,24,98,217,0
847396,23,102,220,0
847407,18,100,219,0
847418,9,99,218,0
847428,9,110,215,0
847439,0,106,211,0
847450,-4,112,220,0
847461,2,116,204,0
847471,-5,113,225,0
847482,-9,112,203,0
847493,-10,115,201,0
847504,-7,116,206,0
847516,-19,99,224,0
847527,-19,117,202,0
847538,-31,120,204,0
847549,-26,123,203,0
847560,-31,118,206,0
847572,-29,121,205,0
847583,-28,114,205,0
847594,-28,125,201,0
847605,-24,130,201,0
847616,-27,133,209,0
847627,-26,126,197,0
847638,-14,125,205,0
847649,-18,118,200,0
847660,-9,126,197,0
847671,-21,132,197,0
847682,-15,123,205,0
847693,-17,123,214,0
847704,-17,117,214,0
847715,-18,119,213,0
847726,-13,118,204,0
847737,-14,116,215,0
847748,-11,121,207,0
847759,-17,115,215,0
847770,-6,113,206,0
847781,-5,113,202,0
847792,-11,122,210,0
847803,-13,113,200,0
847814,-29,101,214,0
847825,-26,111,207,0
847836,-17,114,203,0
847847,-25,107,209,0
847858,-7,121,197,0
847869,-12,111,207,0
847880,-3,123,196,0
847891,-8,112,202,0
847902,-5,115,197,0
847913,-7,118,207,0
847924,-3,110,200,0
847935,-2,106,206,0
847946,-6,115,210,0
847957,-2,118,200,0
847968,-13,121,211,0
847979,-12,118,210,0
847990,-5,123,205,0
848001,-12,115,210,0
848012,-3,115,205,0
848023,-6,113,197,0
848034,-1,118,208,0
848045,6,119,204,0
848056,2,107,215,0
848067,4,117,255,0
848078,9,132,197,0
848089,11,107,194,0
848100,14,96,200,0
848111,2,97,187,0
848122,-13,103,193,0
848133,-7,125,199,0
848144,-4,120,198,0
848155,-8,130,213,0
848166,-17,117,201,0
848177,-16,126,213,0
848188,-10,128,209,0
848199,-10,125,217,0
848210,-11,121,217,0
848221,-1,121,202,0
848232,-1,117,203,0
848243,4,126,201,0
848254,-3,127,198,0
848265,-6,130,203,0
848276,-3,134,210,0
848287,11,116,217,0
848298,14,107,208,0
848309,14,102,200,0
848320,9,98,208,0
848331,14,102,203,0
848342,13,102,205,0
848353,12,104,204,0
848364,5,116,214,0
848375,5,118,210,0
848386,5,117,221,0
848397,9,127,208,0
848408,7,112,198,0
848419,-1,104,217,0
848430,11,110,199,0
848441,19,108,192,0
848452,8,98,204,0
848463,22,100,200,0
848474,12,99,204,0
848485,14,107,215,0
848496,21,114,199,0
848507,14,122,204,0
848518,10,117,218,0
848529,11,113,215,0
848540,13,119,212,0
848551,14,110,213,0
848562,14,107,215,0
848573,7,93,212,0
848584,17,101,211,0
848595,11,91,222,0
848606,16,87,210,0
848617,16,97,218,0
848628,13,98,198,0
848639,12,113,207,0
848650,7,106,207,0
848661,0,114,206,0
848672,-3,115,200,0
848683,-6,123,207,0
848694,-6,116,201,0
848705,2,117,199,0
848716,6,115,195,0
848727,11,120,205,0
848738,10,118,213,0
848749,16,120,210,0
848760,19,128,203,0
848771,15,124,211,0
848782,4,128,217,0
848793,3,137,205,0
848804,-5,132,213,0
848815,-3,130,207,0
848826,-3,131,196,0
848837,-4,132,192,0
848848,-8,131,197,0
848859,-4,113,195,0
848870,5,125,194,0
848881,2,119,193,0
848892,5,127,196,0
848903,0,137,196,0
848914,-3,153,202,0
848925,2,144,202,0
848936,5,144,201,0
848947,1,142,205,0
848958,-3,145,210,0
848969,-8,139,213,0
848980,-12,127,202,0
848991,-9,121,194,0
849002,-7,127,188,0
849013,-3,127,185,0
849024,-9,122,194,0
849035,-1,133,190,0
849046,0,120,199,0
849057,3,124,202,0
849068,2,121,207,0
849079,3,125,213,0
849090,2,120,203,0
849101,6,124,209,0
849112,7,111,206,0
849123,-1,100,203,0
849134,-4,105,209,0
849145,-6,106,210,0
849156,-4,112,199,0
849167,-18,104,208,0
849178,-14,97,198,0
849189,-5,111,188,0
849200,-5,102,205,0
849211,-6,103,209,0
849222,-5,104,212,0
849233,5,110,204,0
849244,0,114,214,0
849255,2,110,207,0
849266,-4,106,215,0
849277,-19,111,218,0
849288,-22,115,213,0
849299,-17,119,208,0
849310,-25,114,215,0
849321,-2,120,206,0
849332,-2,110,198,0
849343,-7,102,209,0
849354,-4,102,209,0
849365,10,119,207,0
849376,-10,96,212,0
849387,-1,103,216,0
849398,-3,101,204,0
849409,1,93,208,0
849420,-1,89,213,0
849431,5,95,201,0
849442,1,99,209,0
849453,-1,99,210,0
849464,-5,105,203,0
849475,-6,110,217,0
849486,2,116,215,0
849497,-2,97,206,0
849508,1,107,207,0
849519,1,113,222,0
849530,0,123,216,0
849541,-5,101,210,0
849552,-2,92,226,0
849563,11,95,203,0
849574,4,90,192,0
849585,22,87,191,0
849596,20,81,196,0
849607,26,93,215,0
849618,29,112,238,0
849629,23,127,257,0
849640,-5,122,242,0
849651,-24,120,221,0
849662,-24,119,200,0
849673,-19,121,204,0
849684,-15,119,219,0
849695,-8,122,216,0
849706,-1,112,218,0
849717,2,108,222,0
849728,2,105,218,0
849739,-8,115,216,0
849750,-16,104,208,0
849761,-22,99,210,0
849772,-15,101,208,0
849783,-16,99,202,0
849794,-7,107,199,0
849805,-16,116,212,0
849816,-20,120,205,0
849827,-19,118,204,0
849838,-21,121,208,0
849849,-12,115,199,0
849860,-16,111,206,0
849871,-6,106,198,0
849882,-2,106,207,0
849893,-3,102,203,0
849904,3,107,212,0
849915,3,98,204,0
849926,2,112,209,0
849937,3,114,196,0
849948,-13,113,205,0
849959,-17,111,208,0
849970,-22,118,196,0
849981,-11,126,177,0
849992,-16,125,195,0
850003,-13,111,189,0
850014,-9,120,212,0
850025,8,129,193,0
850036,12,120,221,0
850047,7,113,216,0
850058,8,109,219,0
850069,9,112,210,0
850080,-2,113,216,0
850091,-7,112,215,0
850102,-14,113,226,0
850113,-25,124,210,0
850124,-34,136,216,0
850135,-23,140,202,0
850146,-26,135,185,0
850157,-33,130,186,0
850169,-16,140,201,0
850180,-8,132,197,0
850191,-15,127,197,0
850202,-17,132,188,0
850213,-27,129,192,0
850224,-21,118,197,0
850235,-15,115,199,0
850246,-1,116,195,0
850257,7,118,198,0
850268,4,119,203,0
850279,3,113,209,0
850290,6,122,205,0
850301,-6,119,215,0
850312,-12,125,212,0
850323,-22,114,206,0
850334,-32,114,200,0
850345,-22,116,186,0
850356,-25,113,198,0
850367,-7,117,190,0
850378,-20,110,190,0
850389,-12,111,192,0
850400,-12,108,198,0
850411,-10,117,202,0
850422,-9,118,198,0
850433,-12,120,205,0
850444,-18,123,217,0
850455,-3,129,198,0
850466,-26,120,215,0
850477,-16,133,200,0
850488,-34,113,213,0
850499,-29,130,202,0
850510,-25,129,206,0
850521,-31,113,200,0
850532,-30,109,204,0
850543,-33,108,209,0
850554,-25,117,202,0
850565,-31,118,204,0
850576,-32,124,200,0
850587,-37,123,202,0
850598,-30,130,207,0
850609,-39,128,207,0
850620,-38,127,197,0
850631,-46,122,204,0
850642,-48,121,200,0
850653,-48,109,202,0
850664,-38,111,203,0
850675,-33,114,195,0
850686,-34,115,197,0
850697,-29,124,195,0
850708,-26,121,199,0
850719,-17,130,215,0
850730,-21,127,204,0
850741,-17,131,213,0
850752,-12,134,212,0
850763,-24,131,214,0
850774,-19,136,205,0
850786,-18,128,202,0
850797,-21,130,205,0
850808,-24,135,196,0
850819,-34,129,191,0
850830,-40,124,205,0
850841,-37,133,197,0
850852,-37,130,207,0
850863,-37,131,203,0
850874,-30,136,209,0
850885,-19,140,203,0
850896,-9,129,207,0
850907,-3,111,191,0
850918,9,113,201,0
850929,11,102,196,0
850940,18,97,216,0
850951,22,102,210,0
850962,17,93,213,0
850973,15,107,228,0
850984,7,117,221,0
850995,-9,116,230,0
851006,46,136,204,0
851017,0,66,170,0
851028,15,74,177,0
851039,12,74,180,0
851050,5,105,193,0
851061,-5,123,193,0
851072,-13,128,213,0
851083,-8,124,213,0
851094,0,129,216,0
851105,10,125,212,0
851116,13,120,217,0
851127,15,122,218,0
851138,9,117,226,0
851149,14,119,226,0
851160,-2,107,198,0
851171,-22,101,202,0
851182,-16,114,185,0
851193,-16,107,187,0
851204,-12,107,184,0
851215,-5,108,192,0
851226,-1,115,193,0
851237,5,128,213,0
851248,6,124,204,0
851259,-2,115,215,0
851270,5,130,206,0
851281,5,122,205,0
851292,3,111,194,0
851303,0,119,207,0
851314,-4,114,195,0
851325,8,137,200,0
851336,3,113,203,0
851347,22,118,212,0
851358,39,101,221,0
851369,44,103,222,0
851380,43,96,206,0
851391,44,90,208,0
851402,26,93,206,0
851413,19,113,214,0
851424,12,113,195,0
851435,27,126,216,0
851446,5,108,193,0
851457,9,139,202,0
851468,-5,145,223,0
851479,0,143,214,0
851490,-9,128,213,0
851501,-11,126,208,0
851512,-6,123,221,0
851523,-16,107,197,0
851534,-4,129,205,0
851545,2,125,212,0
851556,4,121,203,0
851567,3,130,222,0
851578,-5,128,213,0
851589,-7,128,215,0
851600,0,132,206,0
851611,3,113,192,0
851622,19,99,203,0
851633,24,95,212,0
851644,28,102,213,0
851655,21,88,220,0
851666,23,89,226,0
851677,11,91,212,0
851688,17,97,214,0
851699,18,96,212,0
851710,26,106,211,0
851721,22,99,217,0
851732,18,97,222,0
851743,17,108,217,0
851754,8,99,215,0
851765,11,105,210,0
851776,12,96,204,0
851787,16,102,189,0
851798,19,107,195,0
851809,22,106,201,0
851820,22,98,204,0
851831,20,94,207,0
851842,18,92,208,0
851853,15,93,214,0
851864,20,87,206,0
851875,18,86,212,0
851886,16,96,208,0
851897,15,91,207,0
851908,6,95,216,0
851919,11,98,214,0
851930,4,103,211,0
851941,4,108,201,0
851952,-2,106,210,0
851963,1,105,215,0
851974,-1,107,212,0
851985,1,102,212,0
851996,-1,113,200,0
852007,-7,110,222,0
852018,-8,102,206,0
852029,-10,105,219,0
852040,-4,111,209,0
852051,-4,113,187,0
852062,-15,124,200,0
852073,-28,130,212,0
852084,-30,127,186,0
852095,-24,128,208,0
852106,-21,118,197,0
852117,-19,117,203,0
852128,-18,117,198,0
852139,-17,113,211,0
852150,-20,102,213,0
852161,-16,100,216,0
852173,-19,106,209,0
852184,-26,113,218,0
852195,-27,125,205,0
852206,-24,127,210,0
852217,-14,134,199,0
852228,-16,130,208,0
852239,-8,119,211,0
852250,-1,113,204,0
852261,6,110,213,0
852272,10,108,203,0
852283,-1,105,215,0
852294,-8,118,210,0
852305,-12,127,210,0
852316,-26,119,210,0
852327,-24,125,210,0
852338,-30,131,225,0
852349,-26,143,225,0
852360,-27,123,215,0
852371,-4,79,191,0
852382,2,71,198,0
852393,2,83,210,0
852404,20,100,214,0
852415,23,124,220,0
852426,13,119,227,0
852437,15,131,227,0
852448,2,132,224,0
852459,-3,125,220,0
852470,-8,134,209,0
852481,-10,127,202,0
852492,-4,126,187,0
852503,1,120,175,0
852514,-3,117,178,0
852525,-9,108,185,0
852536,-5,120,187,0
852547,-15,121,199,0
852558,-4,127,204,0
852569,3,121,212,0
852580,3,123,216,0
852591,1,127,216,0
852602,14,111,241,0
852613,44,116,195,0
852624,-23,92,213,0
852635,-7,153,209,0
852646,-13,133,206,0
852657,0,147,206,0
852668,-3,154,230,0
852679,-1,99,179,0
852690,2,115,209,0
852701,-1,107,206,0
852712,4,102,191,0
852723,3,110,220,0
852734,14,119,215,0
852745,4,105,200,0
852756,2,114,202,0
852767,-11,117,205,0
852778,-1,121,198,0
852789,10,137,194,0
852800,19,128,203,0
852811,22,117,203,0
852822,32,125,216,0
852833,19,116,223,0
852844,2,99,214,0
852855,1,109,214,0
852866,1,105,214,0
852877,4,103,207,0
852888,8,105,215,0
852899,5,99,207,0
852910,3,102,211,0
852921,-4,101,214,0
852932,-4,100,202,0
852943,0,115,206,0
852954,-6,103,200,0
852965,-1,124,212,0
852976,-11,99,199,0
852987,-9,109,212,0
852998,-1,121,214,0
853009,6,120,201,0
853020,3,110,184,0
853031,8,120,201,0
853042,1,115,203,0
853053,-2,108,202,0
853064,6,121,204,0
853075,0,102,194,0
853086,8,128,200,0
853097,2,127,188,0
853108,0,131,207,0
853119,-5,128,199,0
853130,-1,133,203,0
853141,3,124,230,0
853152,-1,99,209,0
853163,4,101,219,0
853174,7,94,205,0
853185,7,93,219,0
853196,7,88,207,0
853207,10,93,209,0
853218,5,94,202,0
853229,4,106,217,0
853240,3,110,214,0
853251,1,107,206,0
853262,7,116,216,0
853273,5,113,232,0
853284,8,120,217,0
853295,14,121,222,0
853306,8,112,212,0
853317,7,120,223,0
853328,1,102,195,0
853339,-2,104,218,0
853350,-6,99,195,0
853361,-6,97,211,0
853372,-8,94,202,0
853383,-5,99,209,0
853394,-8,90,216,0
853405,-1,87,222,0
853416,6,88,224,0
853427,2,84,233,0
853438,-4,74,220,0
853449,3,62,233,0
853460,-12,72,222,0
853471,-8,78,194,0
853482,-20,157,190,0
853493,-15,110,223,0
853504,-2,85,217,0
853515,1,133,226,0
853526,-29,109,214,0
853537,-39,119,227,0
853548,-43,110,208,0
853559,-20,106,220,0
853570,-10,105,213,0
853581,-7,101,210,0
853592,-11,106,210,0
853603,-12,120,209,0
853614,-18,106,198,0
853625,0,114,203,0
853636,0,106,201,0
853647,6,108,204,0
853658,5,110,204,0
853669,1,100,214,0
853680,3,120,211,0
853691,-13,107,210,0
853702,-23,113,210,0
853713,-39,113,205,0
853724,-36,115,199,0
853735,-50,113,199,0
853746,-47,114,195,0
853757,-30,109,205,0
853768,-23,99,217,0
853779,-15,102,212,0
853790,-5,98,202,0
853801,1,96,203,0
853812,4,92,199,0
853823,7,101,204,0
853834,-1,91,206,0
853845,0,99,209,0
853856,-4,103,218,0
853867,-7,104,214,0
853878,-8,97,221,0
853889,-12,96,223,0
853900,-12,82,217,0
853911,-11,83,218,0
853922,-10,89,214,0
853933,-12,90,214,0
853944,-16,92,212,0
853955,-18,89,213,0
853966,-18,92,215,0
853977,-19,96,221,0
853988,-11,101,219,0
853999,-7,101,220,0
854010,-1,103,222,0
854021,-4,96,220,0
854032,-10,97,215,0
854043,-6,95,217,0
854054,-5,102,221,0
854065,-3,91,216,0
854076,-7,80,212,0
854087,5,67,207,0
854098,1,64,209,0
854109,19,75,213,0
854120,13,79,217,0
854131,17,88,215,0
854142,11,96,221,0
854153,9,94,219,0
854164,-4,103,235,0
854175,-13,103,230,0
854186,-13,94,229,0
854197,-7,90,222,0
854208,-1,79,222,0
854219,5,80,219,0
854230,11,71,215,0
854241,13,70,221,0
854252,10,74,222,0
854263,7,81,215,0
854274,-6,80,219,0
854285,-8,76,221,0
854296,-3,72,209,0
854307,1,71,204,0
854318,2,72,214,0
854329,5,79,215,0
854340,15,80,212,0
854351,20,78,223,0
854362,13,87,227,0
854373,2,96,236,0
854384,0,87,233,0
854395,0,73,219,0
854406,0,80,201,0
854417,1,89,198,0
854428,2,81,205,0
854439,4,72,219,0
854450,11,80,224,0
854461,13,82,226,0
854472,14,87,230,0
854483,11,87,228,0
854494,3,86,230,0
854505,4,83,226,0
854516,16,68,225,0
854527,17,61,223,0
854538,16,62,218,0
854549,9,65,216,0
854560,15,63,213,0
854571,19,52,213,0
854582,12,53,217,0
854593,14,66,211,0
854604,13,76,214,0
854615,8,85,214,0
854627,1,87,222,0
854638,2,87,233,0
854649,5,88,244,0
854660,15,93,232,0
854671,18,77,218,0
854682,21,69,195,0
854693,5,64,191,0
854704,0,67,201,0
854715,2,77,199,0
854726,0,100,211,0
854737,3,119,232,0
854748,23,111,230,0
854759,33,122,224,0
854770,42,129,221,0
854781,38,114,222,0
854792,43,103,213,0
854803,26,89,204,0
854814,19,90,200,0
854826,8,85,200,0
854837,-3,75,209,0
854848,0,80,215,0
854859,0,88,205,0
854870,-2,86,194,0
854881,-3,84,194,0
854892,1,82,194,0
854903,1,83,192,0
854914,14,88,195,0
854925,22,88,215,0
854936,31,81,219,0
854947,58,105,259,0
854958,45,83,238,0
854969,33,86,239,0
854980,11,82,222,0
854991,-4,74,219,0
855002,8,65,196,0
855013,17,76,188,0
855024,22,91,190,0
855035,23,115,199,0
855046,24,118,212,0
855057,37,123,220,0
855068,38,117,232,0
855079,38,128,236,0
855090,31,124,222,0
855101,17,122,205,0
855112,25,119,205,0
855123,33,113,212,0
855134,42,110,217,0
855145,48,106,215,0
855156,48,102,213,0
855167,37,102,213,0
855178,30,101,212,0
855189,25,104,212,0
855200,21,106,211,0
855211,15,109,213,0
855222,19,112,213,0
855233,26,122,211,0
855244,24,127,207,0
855255,13,122,199,0
855266,12,120,205,0
855277,25,112,206,0
855288,29,114,214,0
855299,44,103,212,0
855310,51,102,216,0
855321,49,107,214,0
855332,35,101,201,0
855343,19,121,204,0
855354,11,121,200,0
855365,9,130,203,0
855376,-2,127,211,0
855387,2,133,208,0
855398,6,122,211,0
855409,13,112,214,0
855420,11,103,207,0
855431,15,98,206,0
855442,13,103,194,0
855453,13,110,201,0
855464,3,126,198,0
855475,4,136,201,0
855486,4,133,217,0
855497,0,127,214,0
855508,6,130,202,0
855519,6,137,219,0
855530,12,122,212,0
855541,0,99,213,0
855552,5,100,208,0
855563,8,106,206,0
855574,0,106,198,0
855585,2,121,201,0
855596,0,127,204,0
855607,11,148,220,0
855618,-2,104,169,0
855629,-4,128,193,0
855640,4,137,206,0
855651,0,128,196,0
855662,-1,118,203,0
855673,-2,115,203,0
855684,2,122,205,0
855695,-2,123,205,0
855706,-4,131,205,0
855717,-18,137,208,0
855728,-25,144,208,0
855739,-29,152,200,0
855750,-32,137,200,0
855761,-17,143,196,0
855772,-17,134,193,0
855783,-13,131,200,0
855794,-10,128,199,0
855805,-13,118,196,0
855816,-5,125,200,0
855827,-4,125,187,0
855838,-3,124,192,0
855849,0,122,192,0
855860,3,122,202,0
855871,26,112,205,0
855882,31,119,203,0
855893,27,114,214,0
855904,32,127,212,0
855915,24,115,210,0
855926,19,114,208,0
855937,16,111,210,0
855948,4,95,201,0
855959,4,100,208,0
855970,-2,108,206,0
855981,3,104,206,0
855993,7,104,213,0
856004,2,104,212,0
856015,-6,104,216,0
856026,4,114,209,0
856037,3,103,196,0
856048,13,108,201,0
856059,10,99,200,0
856070,10,100,201,0
856081,15,106,205,0
856092,15,99,208,0
856103,22,108,211,0
856114,13,105,215,0
856125,9,111,216,0
856136,3,106,214,0
856147,3,105,216,0
856158,1,114,205,0
856169,1,112,203,0
856180,-8,96,228,0
856192,13,132,220,0
856203,-1,99,194,0
856214,12,93,218,0
856225,30,87,209,0
856236,13,75,194,0
856247,7,90,204,0
856258,11,110,223,0
856269,-4,106,217,0
856280,-9,116,212,0
856291,-11,120,219,0
856302,1,134,204,0
856313,-8,127,207,0
856324,0,134,215,0
856335,-12,123,192,0
856346,-11,118,192,0
856357,-8,123,185,0
856368,-2,116,199,0
856379,3,124,194,0
856390,8,129,207,0
856401,17,128,214,0
856412,20,130,226,0
856423,12,121,263,0
856434,36,143,263,0
856445,9,117,209,0
856456,2,90,198,0
856467,-4,52,169,0
856478,-14,43,152,0
856490,-8,68,170,0
856501,7,112,217,0
856512,6,92,193,0
856523,1,99,197,0
856534,-6,119,206,0
856545,-21,122,197,0
856556,-32,133,209,0
856567,-30,139,208,0
856578,-25,141,206,0
856590,-11,124,205,0
856601,-5,117,203,0
856612,-5,105,199,0
856623,-1,103,203,0
856634,-1,103,218,0
856645,3,107,220,0
856656,11,103,214,0
856667,20,98,214,0
856678,19,96,208,0
856690,14,96,206,0
856701,10,100,206,0
856712,0,100,211,0
856723,2,109,218,0
856734,19,108,226,0
856745,14,105,220,0
856756,10,100,212,0
856767,11,86,206,0
856778,8,73,216,0
856789,22,81,228,0
856800,34,85,233,0
856811,47,83,242,0
856822,59,80,244,0
856833,54,90,242,0
856844,43,93,234,0
856855,29,98,229,0
856866,13,93,213,0
856877,6,92,207,0
856888,6,95,206,0
856899,10,100,210,0
856910,13,109,215,0
856921,14,111,213,0
856932,15,114,213,0
856943,16,105,208,0
856954,11,100,210,0
856965,22,108,204,0
856976,21,87,197,0
856987,30,98,212,0
856998,35,100,214,0
857009,40,102,215,0
857020,45,98,221,0
857031,50,105,217,0
857042,47,98,214,0
857053,51,105,216,0
857064,50,110,220,0
857075,40,104,208,0
857086,35,114,207,0
857097,27,106,212,0
857108,25,108,210,0
857119,22,112,196,0
857130,21,108,199,0
857141,23,103,213,0
857152,25,91,204,0
857163,35,90,203,0
857174,36,100,220,0
857185,29,95,210,0
857196,33,97,212,0
857207,25,90,216,0
857218,23,97,213,0
857229,14,101,213,0
857240,22,103,212,0
857251,23,95,225,0
857262,31,88,221,0
857273,39,87,224,0
857284,46,82,226,0
857295,44,74,214,0
857306,33,70,213,0
857317,34,74,205,0
857328,26,79,208,0
857339,16,88,212,0
857350,15,91,211,0
857361,13,87,208,0
857372,5,101,210,0
857383,8,97,216,0
857394,5,84,217,0
857405,12,79,218,0
857416,18,81,204,0
857427,21,99,205,0
857438,19,90,215,0
857449,13,80,217,0
857460,13,79,203,0
857471,13,95,196,0
857482,-7,99,196,0
857493,-16,95,202,0
857504,-17,96,207,0
857515,-23,110,202,0
857526,-19,125,201,0
857537,-35,124,220,0
857548,-39,117,219,0
857559,-39,118,213,0
857570,-39,109,220,0
857581,-32,103,219,0
857592,-29,104,227,0
857603,-17,87,232,0
857614,-11,77,223,0
857625,-44,145,215,0
857636,-45,140,229,0
857647,-45,123,229,0
857658,-35,132,229,0
857669,-33,138,219,0
857680,-24,134,206,0
857691,-16,127,201,0
857702,-10,113,201,0
857713,0,118,191,0
857724,0,114,190,0
857735,0,112,202,0
857746,0,113,204,0
857757,-7,116,208,0
857768,-9,107,230,0
857779,-18,112,210,0
857790,-12,116,199,0
857801,-32,116,197,0
857812,-22,126,193,0
857823,-17,123,191,0
857834,-14,120,194,0
857845,-18,106,201,0
857856,-18,116,196,0
857867,-29,120,194,0
857878,-29,128,196,0
857890,-38,125,209,0
857901,-34,129,199,0
857912,-33,133,203,0
857923,-35,142,201,0
857934,-39,138,202,0
857945,-41,128,207,0
857956,-44,132,204,0
857967,-40,130,203,0
857978,-38,133,200,0
857989,-31,133,210,0
858000,-34,122,219,0
858011,-28,117,214,0
858022,-22,120,218,0
858033,-19,118,213,0
858044,-7,116,226,0
858055,-8,106,226,0
858066,0,113,218,0
858077,-8,109,206,0
858088,-12,106,200,0
858100,-21,114,193,0
858111,-29,121,197,0
858122,-26,121,199,0
858133,-30,115,203,0
858144,-21,109,212,0
858155,-20,105,207,0
858166,-17,99,196,0
858177,-17,93,201,0
858188,-20,97,197,0
858200,-37,107,204,0
858211,-32,108,208,0
858222,-28,108,205,0
858233,-37,104,211,0
858244,-27,107,215,0
858255,-27,104,215,0
858266,-25,100,211,0
858277,-29,95,213,0
858288,-27,95,206,0
858299,-27,98,204,0
858310,-25,98,199,0
858321,-32,97,206,0
858332,-23,101,202,0
858343,-24,99,207,0
858354,-13,98,211,0
858365,-6,98,216,0
858376,2,101,220,0
858387,2,102,224,0
858398,-5,107,229,0
858409,1,105,225,0
858420,-10,93,229,0
858431,-12,90,217,0
858442,-7,93,199,0
858453,23,80,180,0
858464,26,63,184,0
858475,6,97,191,0
858486,-24,113,200,0
858497,-38,122,208,0
858508,-13,120,227,0
858519,-15,111,238,0
858530,-9,106,234,0
858541,-3,102,225,0
858552,-1,101,220,0
858563,0,102,221,0
858574,-6,92,210,0
858585,-4,88,204,0
858596,-2,76,195,0
858607,1,79,205,0
858618,2,82,211,0
858629,2,83,208,0
858640,-3,89,216,0
858651,0,96,205,0
858662,-1,103,220,0
858673,2,112,219,0
858684,0,106,214,0
858695,-2,104,210,0
858706,-6,99,213,0
858717,-2,98,221,0
858728,-3,101,213,0
858739,1,100,212,0
858750,0,101,216,0
858761,3,90,217,0
858772,5,89,222,0
858783,11,85,220,0
858794,10,77,209,0
858805,12,66,213,0
858816,9,72,207,0
858827,5,76,217,0
858838,10,85,220,0
858849,8,89,227,0
858860,4,91,226,0
858871,1,92,223,0
858882,-4,92,220,0
858893,-23,92,230,0
858904,-22,97,214,0
858915,-25,100,222,0
858926,-20,102,214,0
858937,-13,101,218,0
858948,-9,97,227,0
858959,-8,75,220,0
858970,7,80,208,0
858981,14,82,206,0
858992,3,86,205,0
859003,1,91,210,0
859014,-1,90,209,0
859025,-4,86,204,0
859036,-6,91,212,0
859047,-3,99,205,0
859058,-4,105,210,0
859069,-4,108,210,0
859080,-6,113,215,0
859092,-2,112,213,0
859103,-29,123,222,0
859114,-34,106,219,0
859125,-36,107,207,0
859136,-26,114,195,0
859147,-26,115,199,0
859158,-18,123,187,0
859169,-21,113,196,0
859180,-16,106,200,0
859192,-9,101,208,0
859203,-8,104,219,0
859214,-2,111,217,0
859225,-11,114,222,0
859236,-3,119,220,0
859247,-6,133,218,0
859258,-15,124,222,0
859269,-21,114,217,0
859280,-20,121,200,0
859291,-17,126,196,0
859302,-22,123,208,0
859313,-23,114,211,0
859324,-32,101,210,0
859335,-24,105,203,0
859346,-20,103,207,0
859357,-4,114,199,0
859368,-12,116,214,0
859380,-13,100,214,0
859391,-12,106,211,0
859402,-3,111,204,0
859413,-7,103,213,0
859424,-8,93,214,0
859435,-3,94,216,0
859446,0,101,207,0
859457,-18,115,221,0
859468,-5,92,244,0
859479,4,103,242,0
859490,26,71,240,0
859501,23,65,209,0
859512,6,129,140,0
859523,-18,108,172,0
859534,-16,119,176,0
859545,-21,126,184,0
859556,-44,102,199,0
859567,-39,132,198,0
859578,-30,145,190,0
859589,-44,139,202,0
859600,-46,151,201,0
859611,-46,146,218,0
859622,-39,133,220,0
859633,-18,115,215,0
859644,-7,117,216,0
859655,-9,123,207,0
859666,-18,124,220,0
859677,-32,134,224,0
859688,-20,130,208,0
859699,-28,131,207,0
859710,-23,122,202,0
859721,-27,114,211,0
859732,-17,106,202,0
859743,-22,104,204,0
859754,-14,106,200,0
859765,-19,120,199,0
859776,-28,115,196,0
859787,-34,121,195,0
859798,-30,126,190,0
859809,-29,127,205,0
859820,-16,119,195,0
859831,-12,117,196,0
859842,-6,115,200,0
859853,-12,112,205,0
859864,-11,118,207,0
859875,-7,122,214,0
859886,-6,125,217,0
859897,-5,125,213,0
859908,-19,127,227,0
859919,-14,133,212,0
859930,-1,117,198,0
859941,-1,95,208,0
859952,4,105,206,0
859963,6,110,209,0
859974,16,111,221,0
859985,18,89,221,0
859996,5,91,209,0
860007,-2,93,208,0
860018,1,92,210,0
860029,8,84,214,0
860040,13,79,210,0
860051,19,76,208,0
860062,16,74,207,0
860073,6,70,211,0
860084,7,84,202,0
860095,2,83,221,0
860106,15,94,208,0
860117,5,91,230,0
860128,14,99,215,0
860139,-2,99,226,0
860150,-5,98,208,0
860161,-7,98,206,0
860172,-3,101,202,0
860183,-2,97,203,0
860194,2,93,200,0
860205,1,81,213,0
860216,18,78,211,0
860227,22,71,217,0
860238,30,78,216,0
860249,16,71,229,0
860260,2,88,233,0
860271,-3,115,230,0
860282,-9,126,220,0
860293,8,102,227,0
860304,4,47,211,0
860315,-13,159,185,0
860326,-7,145,210,0
860337,-17,98,202,0
860348,-8,109,182,0
860359,-14,99,191,0
860370,-14,92,200,0
860381,-6,100,195,0
860392,-1,111,192,0
860403,-12,116,214,0
860414,-18,121,218,0
860425,-29,124,222,0
860436,-46,117,226,0
860447,-68,119,204,0
860458,-61,119,202,0
860469,-63,124,205,0
860480,-49,128,201,0
860491,-40,131,204,0
860502,-37,126,199,0
860513,-32,128,205,0
860524,-40,122,204,0
860535,-54,121,209,0
860546,-49,125,210,0
860557,-45,126,212,0
860568,-43,122,206,0
860579,-49,128,205,0
860590,-45,126,202,0
860601,-37,119,197,0
860612,-48,118,206,0
860623,-42,108,192,0
860634,-50,112,196,0
860645,-47,110,201,0
860656,-42,116,194,0
860667,-49,109,188,0
860678,-60,125,202,0
860689,-48,121,200,0
860700,-53,122,208,0
860711,-42,124,211,0
860722,-27,120,203,0
860733,-34,114,210,0
860744,-24,106,205,0
860755,-26,92,205,0
860766,-22,97,196,0
860777,-21,96,203,0
860788,-27,102,220,0
860799,-15,107,221,0
860810,-14,106,224,0
860821,-8,100,221,0
860832,-3,93,220,0
860843,-6,85,219,0
860854,-8,86,221,0
860865,0,92,217,0
860876,-7,97,219,0
860887,-11,93,213,0
860898,-22,91,213,0
860909,-16,98,210,0
860920,-9,100,211,0
860931,1,99,219,0
860942,8,109,209,0
860953,6,124,225,0
860964,5,120,210,0
860975,3,112,195,0
860986,-2,108,187,0
860997,-9,100,192,0
861008,-13,92,191,0
861019,-23,87,192,0
861030,-26,98,206,0
861041,-18,102,203,0
861052,-23,95,220,0
861063,-18,95,206,0
861074,-33,93,212,0
861085,-31,95,211,0
861096,-35,76,196,0
861107,-24,102,220,0
861118,-10,101,210,0
861129,-2,96,218,0
861140,-2,92,226,0
861151,4,98,221,0
861162,2,93,222,0
861173,-5,97,226,0
861184,2,91,214,0
861196,6,88,213,0
861207,5,95,224,0
861218,6,99,220,0
861229,6,91,210,0
861240,23,90,173,0
861251,-3,79,201,0
861262,18,91,181,0
861273,6,87,186,0
861284,-3,123,209,0
861296,0,157,216,0
861307,1,166,209,0
861318,9,174,201,0
861329,11,147,189,0
861340,-3,109,176,0
861351,-27,125,194,0
861362,-29,156,196,0
861373,-31,141,197,0
861384,-10,168,230,0
861395,-17,125,193,0
861406,-4,117,200,0
861417,-6,122,192,0
861428,-22,134,183,0
861439,-32,139,185,0
861450,-25,154,220,0
861461,-5,168,225,0
861472,-6,157,209,0
861483,-12,153,203,0
861494,-19,161,199,0
861505,-7,135,178,0
861516,5,136,182,0
861527,7,131,174,0
861538,10,141,186,0
861549,2,142,188,0
861560,-5,140,189,0
861571,2,158,190,0
861582,-6,148,184,0
861593,-6,165,187,0
861604,-6,156,188,0
861615,-2,143,180,0
861627,4,160,202,0
861638,-4,146,196,0
861649,-4,165,198,0
861660,-19,151,204,0
861671,-16,157,203,0
861682,-19,145,198,0
861693,-19,148,190,0
861704,-13,150,187,0
861715,-12,158,202,0
861726,-15,155,196,0
861737,-12,149,196,0
861748,-7,151,198,0
861759,-14,130,193,0
861770,-8,131,203,0
861781,-11,115,191,0
861792,-14,112,204,0
861803,-6,124,202,0
861814,-14,123,196,0
861825,-18,141,195,0
861836,-25,151,193,0
861847,-30,149,195,0
861858,-30,152,193,0
861869,-35,138,193,0
861880,-38,147,198,0
861891,-36,147,198,0
861902,-35,141,197,0
861913,-31,129,202,0
861924,-28,129,207,0
861935,-28,136,219,0
861946,-23,115,214,0
861957,-27,119,204,0
861968,-36,117,199,0
861979,-33,114,197,0
861990,-36,114,203,0
862001,-34,108,196,0
862012,-28,120,214,0
862023,-28,130,222,0
862034,-11,115,219,0
862045,-9,115,214,0
862056,-7,123,216,0
862067,-17,124,216,0
862078,-24,125,211,0
862089,-42,125,215,0
862100,-40,99,199,0
862111,-27,87,186,0
862122,-13,87,182,0
862133,-3,100,185,0
862145,-2,123,198,0
862156,-9,123,193,0
862167,-18,130,209,0
862178,-32,130,216,0
862189,-24,146,235,0
862200,-17,132,216,0
862211,-17,130,218,0
862222,-5,143,228,0
862233,22,123,188,0
862244,31,105,163,0
862255,20,123,173,0
862266,15,104,158,0
862277,1,85,160,0
862288,-12,79,173,0
862299,-17,84,190,0
862310,-23,90,210,0
862321,-15,100,210,0
862332,-8,127,237,0
862343,-8,90,185,0
862354,3,109,206,0
862365,-9,107,206,0
862376,-7,119,203,0
862387,-15,142,220,0
862398,-19,133,224,0
862409,-21,132,219,0
862420,-6,148,223,0
862431,-8,141,224,0
862442,-9,154,215,0
862453,-8,131,198,0
862464,-14,129,199,0
862475,-3,117,193,0
862486,1,119,188,0
862497,-6,107,174,0
862508,2,128,193,0
862519,-9,109,189,0
862530,-7,149,212,0
862541,-8,153,217,0
862552,-8,154,216,0
862563,-21,147,190,0
862574,-27,129,197,0
862585,-33,133,204,0
862596,-34,127,178,0
862607,-27,121,173,0
862618,-19,111,176,0
862629,-24,115,175,0
862640,-16,134,196,0
862651,-11,128,183,0
862662,5,148,210,0
862673,1,135,212,0
862684,-10,133,206,0
862695,-18,133,204,0
862706,-15,142,202,0
862717,-23,137,189,0
862728,-16,136,193,0
862739,-8,135,206,0
862750,6,142,209,0
862761,2,149,197,0
862772,7,155,198,0
862783,5,159,202,0
862794,14,153,213,0
862805,20,150,215,0
862816,15,132,218,0
862827,26,126,218,0
862838,41,120,214,0
862849,8,132,182,0
862860,-10,126,178,0
862871,-13,128,189,0
862882,4,126,195,0
862893,26,121,200,0
862904,32,117,216,0
862915,44,114,203,0
862926,38,109,202,0
862937,39,113,193,0
862948,33,118,203,0
862959,30,121,205,0
862970,31,129,221,0
862981,29,130,211,0
862992,25,135,215,0
863003,31,118,220,0
863014,33,111,213,0
863025,37,101,199,0
863036,42,95,195,0
863047,34,90,193,0
863059,31,91,195,0
863070,27,100,190,0
863081,29,106,194,0
863092,27,100,199,0
863103,25,107,201,0
863114,27,109,209,0
863125,21,100,219,0
863136,22,104,214,0
863147,22,109,209,0
863158,18,101,221,0
863169,16,97,201,0
863180,16,107,203,0
863191,9,111,217,0
863202,13,116,210,0
863213,-7,123,222,0
863224,8,126,209,0
863235,-2,121,226,0
863246,14,128,217,0
863257,13,115,218,0
863268,18,110,207,0
863279,25,98,204,0
863290,28,89,214,0
863301,24,95,208,0
863312,15,98,213,0
863323,11,105,213,0
863334,5,116,202,0
863345,8,116,211,0
863356,-5,117,212,0
863367,-15,108,215,0
863378,-34,102,202,0
863389,-43,102,190,0
863400,-43,93,189,0
863411,-42,85,195,0
863422,-39,85,195,0
863433,-32,96,194,0
863444,-18,105,198,0
863455,-10,127,214,0
863466,-11,131,218,0
863477,-16,130,219,0
863488,-23,122,221,0
863499,-22,112,227,0
863510,-20,109,224,0
863521,-18,105,217,0
863532,-16,102,214,0
863543,-11,103,215,0
863554,-2,98,213,0
863565,1,89,211,0
863576,1,95,215,0
863587,1,87,212,0
863598,2,95,202,0
863609,-9,107,213,0
863620,-16,108,223,0
863631,-28,105,218,0
863642,-28,114,228,0
863653,-27,119,211,0
863664,-29,120,222,0
863675,-20,121,212,0
863686,-23,106,197,0
863697,-24,106,207,0
863708,-19,101,211,0
863719,-8,99,208,0
863730,-2,86,204,0
863741,0,87,206,0
863752,-15,83,221,0
863763,-21,90,218,0
863774,-16,91,218,0
863785,-14,93,212,0
863796,-19,90,222,0
863807,-11,93,217,0
863818,-20,88,224,0
863829,-11,97,215,0
863840,-14,94,216,0
863851,-5,92,213,0
863862,-6,90,218,0
863873,4,92,209,0
863884,-4,90,211,0
863895,0,90,207,0
863906,-8,88,214,0
863917,-10,89,221,0
863928,-20,97,222,0
863939,-19,106,229,0
863950,-16,80,235,0
863961,-6,84,223,0
863972,-13,98,224,0
863983,-19,97,212,0
863994,-21,96,207,0
864005,-25,87,212,0
864016,-19,86,199,0
864027,-24,85,226,0
864038,-8,105,205,0
864049,-3,91,203,0
864060,-9,86,227,0
864071,-8,88,216,0
864082,-7,96,209,0
864093,-11,98,211,0
864104,-14,99,214,0
864115,-14,108,223,0
864126,-11,105,216,0
864137,-10,100,215,0
864148,-17,93,219,0
864159,-14,99,211,0
864170,-21,93,214,0
864181,4,110,201,0
864192,-4,91,212,0
864203,-1,91,214,0
864214,7,93,201,0
864225,5,83,215,0
864236,15,89,210,0
864247,5,89,207,0
864258,2,90,215,0
864269,1,87,213,0
864280,-4,89,220,0
864291,-1,92,212,0
864302,-3,80,216,0
864313,0,91,214,0
864324,2,96,224,0
864335,8,90,209,0
864346,8,91,219,0
864357,6,99,218,0
864368,2,86,217,0
864379,-6,86,216,0
864390,-3,98,220,0
864401,2,104,219,0
864412,2,102,218,0
864424,-3,99,221,0
864435,-13,94,218,0
864446,-14,98,215,0
864457,-4,111,209,0
864468,-10,95,217,0
864479,-1,103,212,0
864490,-8,93,217,0
864501,3,111,214,0
864512,7,99,221,0
864523,19,100,208,0
864534,21,100,226,0
864545,16,91,214,0
864556,11,87,220,0
864567,9,93,223,0
864578,1,108,224,0
864589,-1,114,202,0
864600,-14,118,202,0
864611,-18,127,192,0
864622,-19,108,198,0
864633,-14,118,208,0
864644,-13,118,205,0
864655,-12,125,216,0
864666,-5,124,216,0
864677,-12,123,213,0
864688,-17,121,213,0
864699,-18,122,207,0
864710,-27,118,206,0
864721,-29,129,204,0
864732,-30,127,204,0
864743,-31,126,199,0
864754,-42,120,206,0
864765,-39,114,193,0
864776,-43,111,205,0
864787,-37,107,193,0
864798,-30,110,198,0
864809,-20,117,211,0
864820,-22,115,205,0
864831,-14,123,194,0
864842,-19,116,203,0
864853,-15,114,203,0
864864,-11,114,196,0
864875,-9,104,205,0
864886,0,101,202,0
864897,-10,92,211,0
864908,-5,97,209,0
864919,-19,89,214,0
864930,-5,103,209,0
864941,-18,106,225,0
864952,-13,105,217,0
864963,-15,112,198,0
864974,-28,109,205,0
864985,-27,112,211,0
864996,-24,107,204,0
865007,-22,100,199,0
865018,-23,93,212,0
865029,-20,104,201,0
865040,-19,106,206,0
865051,-21,120,218,0
865062,-17,119,218,0
865073,-26,119,217,0
865084,-31,122,214,0
865095,-28,124,204,0
865106,-32,119,212,0
865117,-22,114,202,0
865128,-38,110,204,0
865139,-30,104,205,0
865150,-20,106,206,0
865161,-18,104,209,0
865172,-14,103,215,0
865183,-13,104,212,0
865194,-17,106,208,0
865205,-16,108,205,0
865216,-19,108,205,0
865227,-24,109,210,0
865238,-25,110,205,0
865249,-29,105,207,0
865260,-27,107,210,0
865271,-23,109,206,0
865282,-20,108,207,0
865293,-25,105,209,0
865304,-20,103,202,0
865315,-21,101,202,0
865326,-20,108,211,0
865337,-16,108,206,0
865348,-25,102,208,0
865359,-29,101,208,0
865370,-18,103,209,0
865381,-18,105,209,0
865392,-16,106,213,0
865403,-12,105,205,0
865414,-19,104,208,0
865425,-21,104,209,0
865436,-25,100,206,0
865447,-27,101,208,0
865458,-21,105,206,0
865469,-19,106,210,0
865480,-15,111,208,0
865491,-18,106,211,0
865502,-20,107,212,0
865513,-22,106,209,0
865524,-23,102,204,0
865535,-21,99,207,0
865546,-17,100,206,0
865557,-13,103,199,0
865568,-19,100,206,0
865579,-14,104,210,0
865590,-2,116,219,0
865601,-6,110,218,0
865612,-15,107,215,0
865623,-17,104,209,0
865634,-20,103,206,0
865645,-23,99,204,0
865656,-23,111,219,0
865667,-22,107,212,0
865678,-11,125,227,0
865689,-10,101,194,0
865700,-9,111,212,0
865711,-13,115,218,0
865722,-16,106,204,0
865733,-18,107,205,0
865744,-19,109,208,0
865755,-10,113,212,0
865766,-4,109,212,0
865777,-2,105,213,0
865788,-4,103,212,0
865799,-6,102,212,0
865810,-6,104,213,0
865821,-7,105,211,0
865832,-6,104,210,0
865843,-2,104,211,0
865854,-1,102,209,0
865865,0,102,208,0
865876,-2,102,208,0
865887,-4,102,209,0
865898,-7,102,210,0
865909,-12,104,211,0
865920,-13,106,213,0
865931,-9,106,213,0
865942,-6,107,213,0
865953,-5,109,213,0
865964,-7,107,210,0
865975,-9,108,212,0
865986,-8,106,210,0
865997,-9,107,209,0
866008,-8,107,211,0
866019,-8,107,211,0
866030,-6,107,211,0
866041,-5,108,210,0
866052,-2,108,210,0
866063,-4,97,199,0
866074,-2,106,207,0
866085,0,114,216,0
866096,-3,110,209,0
866107,-1,109,208,0
866118,0,113,212,0
866129,-1,109,210,0
866140,-1,101,199,0
866151,1,117,221,0
866163,3,104,204,0
866174,5,100,202,0
866185,3,103,206,0
866196,1,105,207,0
866207,0,107,206,0
866218,0,110,213,0
866229,0,112,212,0
866240,1,111,211,0
866251,2,110,212,0
866262,3,107,209,0
866274,3,107,209,0
866285,2,108,208,0
866296,3,108,208,0
866307,2,110,209,0
866318,1,108,205,0
866329,2,106,206,0
866340,3,108,206,0
866351,2,109,207,0
866362,2,108,206,0
866373,1,110,208,0
866384,2,110,210,0
866395,1,105,202,0
866406,2,112,212,0
866417,5,112,210,0
866429,5,113,209,0
866440,3,113,208,0
866451,2,112,206,0
866462,1,112,205,0
866473,1,112,205,0
866484,3,116,209,0
866495,3,111,207,0
866506,6,110,206,0
866517,7,113,209,0
866528,5,111,207,0
866539,4,111,203,0
866550,3,113,206,0
866561,1,114,209,0
866572,2,115,209,0
866583,3,114,209,0
866594,2,114,207,0
866605,4,112,207,0
866616,3,113,207,0
866627,2,111,204,0
866638,3,112,205,0
866649,3,118,210,0
866660,2,117,209,0
866671,3,117,210,0
866682,3,116,209,0
866693,3,112,207,0
866704,5,115,207,0
866715,3,114,206,0
866726,3,112,206,0
866737,3,112,206,0
866748,5,112,206,0
866759,4,114,205,0
866770,4,113,205,0
866781,2,114,206,0
866792,1,117,206,0
866803,2,115,205,0
866814,1,116,205,0
866825,1,117,205,0
866836,3,116,203,0
866847,1,116,205,0
866858,4,119,207,0
866869,3,118,206,0
866880,2,114,201,0
866891,2,118,205,0
866902,0,117,201,0
866913,1,122,204,0
866924,1,122,207,0
866935,2,122,203,0
866946,1,125,200,0
866957,0,125,202,0
866968,0,123,201,0
866979,0,124,199,0
866990,-1,125,199,0
867001,0,126,200,0
867012,-1,123,197,0
867023,0,125,198,0
867034,-2,124,196,0
867045,-1,131,201,0
867057,-2,131,199,0
867068,1,139,209,0
867079,-3,128,197,0
867090,-1,129,197,0
867101,-1,127,196,0
867112,-8,125,191,0
867123,-6,124,191,0
867134,-1,124,192,0
867145,-6,135,202,0
867156,-3,136,199,0
867167,-4,139,200,0
867178,-3,142,200,0
867189,-10,117,174,0
867200,-5,136,195,0
867211,-7,134,194,0
867222,-6,134,194,0
867233,-6,135,195,0
867244,-6,133,194,0
867255,-4,133,196,0
867266,-3,131,197,0
867277,-2,131,196,0
867288,-2,132,196,0
867299,-2,132,196,0
867310,-2,131,196,0
867321,-2,131,196,0
867332,-2,130,194,0
867343,-1,132,195,0
867354,-2,133,196,0
867365,-2,132,194,0
867376,-1,134,199,0
867387,-1,134,195,0
867398,-3,133,196,0
867409,-5,130,194,0
867420,-4,131,195,0
867431,-6,133,197,0
867442,-3,132,199,0
867453,-2,131,199,0
867464,-3,133,198,0
867475,-2,129,195,0
867486,-4,130,197,0
867497,-3,130,197,0
867508,-4,129,196,0
867519,-3,130,195,0
867530,-3,130,199,0
867541,-3,130,196,0
867552,-2,129,197,0
867563,-1,129,197,0
867574,-2,129,197,0
867585,-2,130,197,0
867596,-3,131,197,0
867607,-5,131,198,0
867618,-3,132,197,0
867629,-4,131,198,0
867640,-3,131,199,0
867651,-3,130,197,0
867662,-3,129,195,0
867673,0,130,197,0
867684,-3,131,194,0
867695,-2,131,194,0
867706,-5,130,194,0
867718,-4,133,195,0
867729,-6,134,196,0
867740,-3,138,198,0
867751,-7,134,194,0
867762,-4,134,192,0
867773,-5,140,197,0
867784,-5,142,197,0
867795,-12,138,192,0
867806,-12,136,193,0
867817,-12,137,194,0
867828,-21,130,189,0
867839,-9,147,200,0
867850,-9,145,196,0
867861,-12,142,194,0
867872,-12,141,192,0
867883,-14,140,193,0
867894,-14,140,192,0
867905,-14,137,192,0
867916,-7,142,196,0
867927,-9,140,195,0
867938,-10,137,190,0
867949,-13,133,190,0
867960,-2,150,200,0
867971,-8,140,192,0
867982,-5,142,191,0
867993,-17,139,187,0
868004,-15,146,193,0
868015,-17,144,192,0
868026,-16,145,192,0
868037,-15,144,194,0
868048,-14,141,193,0
868059,-15,139,191,0
868070,-14,141,191,0
868081,-12,142,191,0
868092,-15,143,191,0
868103,-16,141,190,0
868114,-16,143,191,0
868125,-15,143,192,0
868136,-15,136,191,0
